-- phpMyAdmin SQL Dump
-- version 4.7.4
-- https://www.phpmyadmin.net/
--
-- Servidor: 127.0.0.1
-- Tiempo de generación: 30-06-2018 a las 02:47:31
-- Versión del servidor: 10.1.30-MariaDB
-- Versión de PHP: 7.0.27

SET SQL_MODE = "NO_AUTO_VALUE_ON_ZERO";
SET AUTOCOMMIT = 0;
START TRANSACTION;
SET time_zone = "+00:00";


/*!40101 SET @OLD_CHARACTER_SET_CLIENT=@@CHARACTER_SET_CLIENT */;
/*!40101 SET @OLD_CHARACTER_SET_RESULTS=@@CHARACTER_SET_RESULTS */;
/*!40101 SET @OLD_COLLATION_CONNECTION=@@COLLATION_CONNECTION */;
/*!40101 SET NAMES utf8mb4 */;

--
-- Base de datos: `tiendalaravel`
--

-- --------------------------------------------------------

--
-- Estructura de tabla para la tabla `categories`
--

CREATE TABLE `categories` (
  `id` int(10) UNSIGNED NOT NULL,
  `name` varchar(191) COLLATE utf8mb4_unicode_ci NOT NULL,
  `description` varchar(191) COLLATE utf8mb4_unicode_ci DEFAULT NULL,
  `image` varchar(191) COLLATE utf8mb4_unicode_ci DEFAULT NULL,
  `created_at` timestamp NULL DEFAULT NULL,
  `updated_at` timestamp NULL DEFAULT NULL
) ENGINE=InnoDB DEFAULT CHARSET=utf8mb4 COLLATE=utf8mb4_unicode_ci;

--
-- Volcado de datos para la tabla `categories`
--

INSERT INTO `categories` (`id`, `name`, `description`, `image`, `created_at`, `updated_at`) VALUES
(1, 'Quisquam', 'Ea ipsam ut ea voluptatum asperiores sit.', NULL, '2018-06-29 21:03:18', '2018-06-29 21:03:18'),
(2, 'Ut', 'Maiores omnis velit ipsa adipisci saepe sit et.', NULL, '2018-06-29 21:03:18', '2018-06-29 21:03:18'),
(3, 'Occaecati', 'Cum impedit deserunt nemo dolor unde et dolores molestiae nisi alias corporis fugiat.', NULL, '2018-06-29 21:03:18', '2018-06-29 21:03:18'),
(4, 'Doloremque', 'Debitis animi mollitia eos mollitia repellendus nulla non non nostrum ex.', NULL, '2018-06-29 21:03:18', '2018-06-29 21:03:18'),
(5, 'Non', 'Possimus et minus vel rerum deserunt reiciendis quas officia voluptatem praesentium sed delectus debitis.', NULL, '2018-06-29 21:03:18', '2018-06-29 21:03:18');

-- --------------------------------------------------------

--
-- Estructura de tabla para la tabla `migrations`
--

CREATE TABLE `migrations` (
  `id` int(10) UNSIGNED NOT NULL,
  `migration` varchar(191) COLLATE utf8mb4_unicode_ci NOT NULL,
  `batch` int(11) NOT NULL
) ENGINE=InnoDB DEFAULT CHARSET=utf8mb4 COLLATE=utf8mb4_unicode_ci;

--
-- Volcado de datos para la tabla `migrations`
--

INSERT INTO `migrations` (`id`, `migration`, `batch`) VALUES
(68, '2014_10_12_000000_create_users_table', 1),
(69, '2014_10_12_100000_create_password_resets_table', 1),
(70, '2018_06_14_231300_create_categories_table', 1),
(71, '2018_06_15_222856_create_products_table', 1),
(72, '2018_06_25_233044_create_product_images_table', 1);

-- --------------------------------------------------------

--
-- Estructura de tabla para la tabla `password_resets`
--

CREATE TABLE `password_resets` (
  `email` varchar(191) COLLATE utf8mb4_unicode_ci NOT NULL,
  `token` varchar(191) COLLATE utf8mb4_unicode_ci NOT NULL,
  `created_at` timestamp NULL DEFAULT NULL
) ENGINE=InnoDB DEFAULT CHARSET=utf8mb4 COLLATE=utf8mb4_unicode_ci;

-- --------------------------------------------------------

--
-- Estructura de tabla para la tabla `products`
--

CREATE TABLE `products` (
  `id` int(10) UNSIGNED NOT NULL,
  `name` varchar(191) COLLATE utf8mb4_unicode_ci NOT NULL,
  `description` varchar(191) COLLATE utf8mb4_unicode_ci NOT NULL,
  `long_description` text COLLATE utf8mb4_unicode_ci,
  `price` double(8,2) NOT NULL,
  `category_id` int(10) UNSIGNED DEFAULT NULL,
  `created_at` timestamp NULL DEFAULT NULL,
  `updated_at` timestamp NULL DEFAULT NULL
) ENGINE=InnoDB DEFAULT CHARSET=utf8mb4 COLLATE=utf8mb4_unicode_ci;

--
-- Volcado de datos para la tabla `products`
--

INSERT INTO `products` (`id`, `name`, `description`, `long_description`, `price`, `category_id`, `created_at`, `updated_at`) VALUES
(1, 'Voluptas facere eum iste', 'Necessitatibus accusantium accusantium corrupti excepturi non odit voluptatem.', 'Ipsa aliquid excepturi cum ut. Ea ex nam omnis dolorum quo aut quidem. Quia veritatis quia omnis qui. Dicta voluptatem est porro qui. Sequi quaerat dolor harum quod dolores velit culpa nostrum.', 60.62, 1, '2018-06-29 21:03:18', '2018-06-29 21:03:18'),
(2, 'Quaerat quo', 'Accusantium iusto et consectetur dolorum harum quo aut.', 'Mollitia nisi voluptatem quia non. Quia aut doloremque consequuntur est voluptatem quisquam sit. Ipsam consequatur qui in quo praesentium temporibus tenetur.', 78.85, 1, '2018-06-29 21:03:18', '2018-06-29 21:03:18'),
(3, 'Dignissimos porro sunt quis', 'Nisi repudiandae ducimus numquam iure est quas tempora ipsam facilis est.', 'Omnis dolores deserunt ea exercitationem qui mollitia rem ex. Quam omnis dolorum voluptatum in est assumenda deleniti.', 120.28, 1, '2018-06-29 21:03:18', '2018-06-29 21:03:18'),
(4, 'Ea placeat qui quis', 'Eum velit et laudantium a et error qui iste cum sed.', 'Explicabo nulla cumque dicta. Et dolore aliquid eaque explicabo aspernatur ut error. Eaque reiciendis corporis voluptas rerum expedita aut quam quia. Atque voluptatem a similique aperiam.', 146.22, 1, '2018-06-29 21:03:18', '2018-06-29 21:03:18'),
(5, 'Eaque non unde voluptas', 'Impedit aliquid facere praesentium rerum fuga facere quis.', 'Molestiae hic dolorem ut adipisci accusamus beatae consequatur. Iste iusto fugit est maxime ducimus impedit molestiae. Quam quo quo et cupiditate.', 146.22, 1, '2018-06-29 21:03:18', '2018-06-29 21:03:18'),
(6, 'Magni nihil laboriosam', 'Debitis nobis voluptate officia recusandae est velit molestiae.', 'Dolorum reprehenderit sunt nihil eius. Voluptatem alias incidunt ut quis sint commodi commodi. Voluptatum consectetur impedit cupiditate. Facilis alias architecto eaque.', 128.56, 1, '2018-06-29 21:03:18', '2018-06-29 21:03:18'),
(7, 'Aliquid quod libero in', 'Unde dicta quae quas in aut voluptas accusamus odio molestias earum dolorem vitae.', 'Et fugiat tempore quod vitae. Sint explicabo eos facere veritatis velit unde. Et velit ipsa sit iste accusantium dolores molestiae. Consectetur pariatur natus ad ratione.', 131.31, 1, '2018-06-29 21:03:18', '2018-06-29 21:03:18'),
(8, 'Omnis eveniet', 'Dolores vel architecto voluptatem quibusdam sequi ut nihil.', 'Ullam ut sint tenetur enim fugit voluptatem. Qui culpa libero animi pariatur totam. Laudantium quisquam odit distinctio ex corporis commodi.', 62.69, 1, '2018-06-29 21:03:18', '2018-06-29 21:03:18'),
(9, 'Ea ut nulla', 'Non nobis ipsam doloribus ipsa sit cumque eaque sint iste labore rem.', 'Delectus beatae sed sequi. Id excepturi ipsum adipisci dicta. Et cumque et voluptatum minus nemo qui. Neque excepturi et voluptatem eligendi.', 143.45, 1, '2018-06-29 21:03:18', '2018-06-29 21:03:18'),
(10, 'Dolores et eos non', 'Magnam dolor sapiente aliquid non consequuntur esse.', 'Perspiciatis rerum nulla enim inventore quas aut ipsa in. Rerum et ex a beatae ut omnis dolor. Sunt beatae et occaecati ab accusantium cumque. Aspernatur ipsum illo porro delectus id eaque quae.', 35.33, 1, '2018-06-29 21:03:18', '2018-06-29 21:03:18'),
(11, 'Tenetur et voluptatum consequatur', 'Minus suscipit adipisci quibusdam voluptatum qui provident.', 'Impedit cupiditate eos aliquam porro ut ut. In eaque quia exercitationem non minus totam. Aut aut sed perspiciatis ea accusamus voluptatem consequatur. Quae non fugit quidem delectus voluptatem in.', 107.54, 1, '2018-06-29 21:03:18', '2018-06-29 21:03:18'),
(12, 'Omnis voluptas enim facere', 'Consequatur nobis at nemo quia distinctio suscipit a architecto molestiae sed libero rerum omnis.', 'Ab ut dolores quae in dolorum optio alias modi. Officia odio praesentium ipsum laborum et eum delectus. Ut et assumenda labore itaque ut.', 50.22, 1, '2018-06-29 21:03:18', '2018-06-29 21:03:18'),
(13, 'Sunt voluptatem maiores necessitatibus blanditiis', 'Consequatur et rerum nostrum cupiditate aperiam eveniet ea sapiente autem exercitationem rem qui nihil.', 'Cupiditate iure consequatur est qui. Et labore dolorum quo esse. Voluptatem magni et ut id quae laboriosam et. Repellendus dicta vitae et.', 21.44, 1, '2018-06-29 21:03:18', '2018-06-29 21:03:18'),
(14, 'Minus earum', 'Rerum eligendi cum impedit voluptas rem praesentium cumque sapiente eos vel odit.', 'Dolorem pariatur excepturi corporis repellendus omnis blanditiis. Repellendus magnam porro deleniti ipsum. Dicta sint repellat harum ab dolorem corrupti.', 72.71, 1, '2018-06-29 21:03:18', '2018-06-29 21:03:18'),
(15, 'Earum laboriosam voluptatum voluptas', 'Voluptatibus soluta consectetur fugit voluptates ea nulla.', 'Est alias eos repellat. Sunt quia praesentium inventore. Consequatur repellendus ipsam aperiam repellat doloribus. Repellat vel ipsam expedita qui.', 65.93, 1, '2018-06-29 21:03:18', '2018-06-29 21:03:18'),
(16, 'Aut eos facilis at', 'Eum sapiente debitis sit qui sint sequi.', 'Sint expedita soluta ipsam nostrum soluta odio perferendis. Soluta facilis delectus facere optio totam facilis omnis. Voluptatibus occaecati et iusto.', 29.51, 1, '2018-06-29 21:03:18', '2018-06-29 21:03:18'),
(17, 'Qui odio ut', 'Autem maiores nisi id et provident et dicta.', 'Maxime nostrum et eveniet cupiditate itaque. Qui fugit tenetur recusandae molestias qui quis ea facilis. Sunt sit possimus aut dolores animi. Sunt sunt saepe a dolorem ut consequatur nemo aut.', 67.45, 1, '2018-06-29 21:03:18', '2018-06-29 21:03:18'),
(18, 'Qui ea ut cupiditate', 'Minima laboriosam cumque debitis laborum officia molestias ut.', 'Eligendi ducimus occaecati reprehenderit optio pariatur ipsa. Sunt aut qui qui ducimus in. Accusantium laudantium aut pariatur fugit.', 69.82, 1, '2018-06-29 21:03:18', '2018-06-29 21:03:18'),
(19, 'Nihil sunt et', 'Rem iure accusantium est perspiciatis suscipit magni soluta.', 'Magnam et soluta similique cupiditate molestias. Voluptatem porro quis mollitia. Iure velit reprehenderit consequatur voluptas enim.', 95.07, 1, '2018-06-29 21:03:18', '2018-06-29 21:03:18'),
(20, 'Atque nesciunt dignissimos quaerat', 'Consequatur pariatur quae tenetur inventore odio voluptatem dolor consequuntur animi et.', 'Sequi quia deserunt possimus dolor et nemo quibusdam. Commodi ab fugit qui reprehenderit et. Aut nesciunt aut voluptatem corporis quasi et possimus.', 96.47, 1, '2018-06-29 21:03:18', '2018-06-29 21:03:18'),
(21, 'Repudiandae dolores asperiores placeat', 'Deleniti rerum id repudiandae necessitatibus sed dolores minima voluptatem.', 'Dolores rerum at dolorem dolor. Amet et et doloremque. Ut voluptatibus sed reprehenderit repellat voluptatem voluptas quo.', 149.51, 2, '2018-06-29 21:03:18', '2018-06-29 21:03:18'),
(22, 'Soluta perspiciatis enim impedit', 'Ut enim labore fugiat labore hic voluptas.', 'Exercitationem ut porro voluptates quas qui facilis est. Quo dolor qui quis eaque. Sint sed sequi est non ea eos voluptatum.', 142.84, 2, '2018-06-29 21:03:18', '2018-06-29 21:03:18'),
(23, 'Eum officiis illum', 'Hic ipsam deserunt inventore qui odio consequatur voluptas.', 'Placeat qui et magnam quae eos. Magnam doloribus sed omnis enim. Expedita eos rerum et atque. Maiores accusantium expedita adipisci consectetur. Veniam laboriosam sapiente facilis laborum.', 137.72, 2, '2018-06-29 21:03:18', '2018-06-29 21:03:18'),
(24, 'Debitis maxime iusto et', 'Velit nisi magni harum voluptatem quae architecto assumenda soluta sint velit facere.', 'Quas sed quasi facere consequuntur debitis beatae. Sunt fuga sit molestiae. Omnis sequi quaerat et consequatur doloremque pariatur ipsum.', 73.79, 2, '2018-06-29 21:03:18', '2018-06-29 21:03:18'),
(25, 'Minima expedita aut quisquam', 'Aliquam dolorem perspiciatis distinctio est modi dignissimos molestiae veritatis.', 'Dolores repellat dolorum ipsum commodi eum quia. Explicabo quis at cum eum quia. Nesciunt voluptatibus et aspernatur excepturi est sit vitae.', 22.01, 2, '2018-06-29 21:03:18', '2018-06-29 21:03:18'),
(26, 'Laudantium libero', 'Ullam eos qui architecto animi aut et est sequi ut.', 'Vel excepturi quo commodi vero totam adipisci provident. Culpa rem sunt ut dolorem sed ipsam ipsa. Ratione quaerat labore velit facilis hic unde.', 112.38, 2, '2018-06-29 21:03:18', '2018-06-29 21:03:18'),
(27, 'Deleniti ea sed', 'Exercitationem ut voluptatem in magnam illum consectetur ipsa fuga fugit.', 'Voluptas accusantium et nisi earum voluptatem repellendus aut. Dolores impedit iusto voluptatem et. Quae ducimus similique ex eaque vel non iusto. Aut incidunt itaque eos sed eveniet at.', 51.88, 2, '2018-06-29 21:03:18', '2018-06-29 21:03:18'),
(28, 'Non pariatur', 'Earum culpa nobis distinctio aut et et non alias ipsa distinctio.', 'Quasi labore officiis deleniti cupiditate. Facere suscipit eos dignissimos fugit. Nobis nesciunt natus maxime at animi.', 89.97, 2, '2018-06-29 21:03:18', '2018-06-29 21:03:18'),
(29, 'Distinctio fuga officiis', 'Occaecati magni enim consequatur omnis dignissimos tenetur ex omnis.', 'Quia eum ex voluptatem praesentium quasi. Et assumenda perspiciatis nam quisquam cumque recusandae. Ex animi rem fuga iure eos debitis.', 23.50, 2, '2018-06-29 21:03:18', '2018-06-29 21:03:18'),
(30, 'Recusandae dolorum a', 'Corporis consequatur officiis et fuga id sit atque.', 'Non atque velit accusantium ratione. Modi voluptatem cupiditate animi non fugiat quibusdam quo. Ut sed omnis ab impedit. Expedita qui beatae fugiat.', 101.16, 2, '2018-06-29 21:03:18', '2018-06-29 21:03:18'),
(31, 'Occaecati aut enim autem blanditiis', 'Saepe autem autem velit est quisquam quaerat dicta inventore officiis explicabo qui sed voluptatum.', 'Tenetur dolorem quam in impedit fugiat accusantium. Maiores nulla omnis rerum beatae rerum in illum. Aut adipisci consequuntur in minus. Ad commodi sit vel quae et eum iusto.', 94.71, 2, '2018-06-29 21:03:18', '2018-06-29 21:03:18'),
(32, 'Iste voluptas', 'Quidem repellat necessitatibus eos hic minus non debitis dignissimos occaecati corporis sunt ad.', 'Inventore suscipit beatae rem delectus aliquam voluptatem. Pariatur iusto expedita nesciunt aliquam consequatur assumenda veniam. Qui ut dignissimos ratione cupiditate consequatur.', 40.59, 2, '2018-06-29 21:03:18', '2018-06-29 21:03:18'),
(33, 'Id voluptatum', 'Ut et praesentium tenetur ab veritatis dolorum accusantium suscipit.', 'Sed est id voluptatum saepe laborum. Reprehenderit non minus sed quia aliquam. Laudantium hic ut asperiores saepe qui autem voluptatem.', 83.04, 2, '2018-06-29 21:03:18', '2018-06-29 21:03:18'),
(34, 'Architecto quas voluptatem ut', 'Quod mollitia quasi quisquam excepturi mollitia vitae voluptas qui veniam maiores labore.', 'Id ut quis praesentium ut. Eum quis quae cum hic in provident. Voluptates vero corrupti consequuntur deserunt dolorem. Vero qui ullam porro dolores ab quae magnam.', 19.87, 2, '2018-06-29 21:03:18', '2018-06-29 21:03:18'),
(35, 'Autem officiis', 'Nesciunt asperiores voluptatum nulla sint accusamus delectus repellat non libero est omnis.', 'Occaecati corrupti vel dignissimos non. Harum adipisci fugiat nobis dignissimos non aut. Molestiae architecto eveniet ab deserunt eos optio molestiae.', 50.95, 2, '2018-06-29 21:03:18', '2018-06-29 21:03:18'),
(36, 'Culpa eligendi fugiat', 'Non odit ut eos est commodi voluptatibus harum autem expedita.', 'Aliquam sint vel aut ratione. Distinctio est cum adipisci in soluta. Labore dicta sunt qui dolores rerum.', 22.04, 2, '2018-06-29 21:03:18', '2018-06-29 21:03:18'),
(37, 'Unde eius temporibus quis', 'Quos est nesciunt tempore sit veritatis harum et iusto.', 'Vitae est delectus occaecati atque perferendis libero dolor. Aut delectus iusto ratione voluptatem amet esse praesentium. Velit dolor doloremque dolorem eos perspiciatis sapiente placeat.', 33.31, 2, '2018-06-29 21:03:18', '2018-06-29 21:03:18'),
(38, 'Voluptate ex voluptatem totam', 'Corporis iure accusamus molestiae voluptatem voluptatem dolores magnam commodi enim excepturi est esse.', 'Quibusdam praesentium inventore placeat aliquid ea eos. Libero accusantium odit totam ut. Voluptatem et provident omnis eveniet.', 57.58, 2, '2018-06-29 21:03:18', '2018-06-29 21:03:18'),
(39, 'Vitae et quis quas', 'Sint ut quia doloribus est ipsa cupiditate est quibusdam aspernatur non rerum.', 'Id in cum maiores quibusdam quas. Rerum doloremque dolorum error sequi saepe. Qui quibusdam ut reprehenderit rerum.', 11.94, 2, '2018-06-29 21:03:18', '2018-06-29 21:03:18'),
(40, 'Sint sit atque assumenda', 'Et vero sapiente iusto fugit nemo consequuntur deleniti.', 'Error aut explicabo laboriosam dolorum velit saepe. Error repellat illo ut laborum eos. Ipsum ut soluta ipsam soluta. Accusantium eum ut porro eaque rerum quidem.', 141.52, 2, '2018-06-29 21:03:18', '2018-06-29 21:03:18'),
(41, 'Rerum recusandae ipsa accusantium', 'Commodi provident nobis nihil enim voluptate aliquid.', 'Placeat molestias aspernatur illo numquam. Porro temporibus at et iste. Laborum quidem dolore accusantium. Debitis dolorem quos adipisci nisi iure. Maxime nobis iusto officia ad aliquam.', 136.90, 3, '2018-06-29 21:03:19', '2018-06-29 21:03:19'),
(42, 'Sint doloremque consectetur quis', 'Beatae et esse nesciunt deleniti est repellat atque ducimus.', 'Sequi nesciunt eos sapiente voluptatem aut consectetur. Dolorem ut assumenda voluptas et ut non. Esse rem suscipit vel nobis sint necessitatibus alias.', 18.39, 3, '2018-06-29 21:03:19', '2018-06-29 21:03:19'),
(43, 'Sed porro tempore', 'Et sunt et ipsam pariatur et ipsam sequi non blanditiis sed explicabo sint.', 'Quis ullam minus impedit voluptatem sit fugiat ullam. Optio totam molestias quibusdam. Quibusdam commodi quidem illo et rerum. Iste id et necessitatibus rem.', 66.89, 3, '2018-06-29 21:03:19', '2018-06-29 21:03:19'),
(44, 'Sint laborum similique', 'Explicabo odit porro est totam est qui tenetur rerum maiores perferendis sequi minus.', 'Cumque cumque nihil quis at voluptates sed voluptates. Ea est non illo quo. Est aut dignissimos dolore aperiam doloremque qui omnis porro. Eos ut magni et recusandae qui.', 59.47, 3, '2018-06-29 21:03:19', '2018-06-29 21:03:19'),
(45, 'Minus non occaecati iure', 'Quasi voluptatem illum perspiciatis aperiam voluptatem quis.', 'Possimus expedita in odio doloribus id eum quia. A debitis eum eos velit omnis. Incidunt quae et autem voluptas eligendi.', 143.87, 3, '2018-06-29 21:03:19', '2018-06-29 21:03:19'),
(46, 'Dolore nam qui', 'Voluptas ullam odit mollitia officiis ad voluptas sit molestiae quibusdam dignissimos est sed cumque.', 'Inventore nobis ducimus ab qui id. Et ea aut assumenda vero temporibus ut qui. Harum suscipit repellendus provident aut tempora.', 29.43, 3, '2018-06-29 21:03:19', '2018-06-29 21:03:19'),
(47, 'Magnam cumque reprehenderit eum', 'Sunt harum a et ipsam temporibus quia.', 'Eum qui enim velit. Sit rem qui earum nesciunt.', 120.02, 3, '2018-06-29 21:03:19', '2018-06-29 21:03:19'),
(48, 'Optio debitis', 'Dolor et expedita ducimus iure est iusto voluptas aut.', 'Iste culpa minima quam ratione esse perspiciatis. Omnis officiis unde qui dolores dolore voluptatem odio nemo. Sequi omnis magnam omnis totam est ea.', 80.11, 3, '2018-06-29 21:03:19', '2018-06-29 21:03:19'),
(49, 'Sunt ea aut', 'Cum veritatis sunt laudantium non non et.', 'Repellendus culpa tenetur nihil nam ipsum consequatur nulla. Tenetur soluta voluptatem nesciunt voluptates deleniti. Qui id architecto ducimus totam earum fugit.', 23.97, 3, '2018-06-29 21:03:19', '2018-06-29 21:03:19'),
(50, 'Pariatur sit nesciunt', 'Ipsam earum qui beatae laborum animi harum molestiae enim et non.', 'Quibusdam ullam animi deleniti dolor a. Corporis eos odit consequatur autem reprehenderit. Non et neque voluptatum dolorum. Facilis culpa libero aut unde.', 134.61, 3, '2018-06-29 21:03:19', '2018-06-29 21:03:19'),
(51, 'Suscipit voluptas qui', 'Corporis delectus optio aliquid rerum sit omnis in tempora rerum neque et.', 'Est et perspiciatis corrupti eveniet vero error. Dolores aperiam inventore provident aut ut quia doloribus. Numquam aut soluta quis autem neque vero modi.', 93.21, 3, '2018-06-29 21:03:19', '2018-06-29 21:03:19'),
(52, 'Veritatis aliquid reprehenderit', 'Voluptatum sed inventore officiis maxime dolores aut qui architecto esse.', 'Facere dolor dolores voluptas iusto quia numquam consequatur. Minus autem odio eum porro deserunt. Officia qui aut dolorem cupiditate. Officia rerum doloribus molestias aut.', 141.98, 3, '2018-06-29 21:03:19', '2018-06-29 21:03:19'),
(53, 'Est officiis harum', 'Ea quos voluptatem veniam eius sit aut id tenetur delectus eos deserunt sequi.', 'Placeat minus iure non et enim alias. Itaque ut assumenda incidunt omnis. Impedit harum voluptatem earum sed eaque officia. Et reprehenderit in accusantium aliquid possimus.', 66.99, 3, '2018-06-29 21:03:19', '2018-06-29 21:03:19'),
(54, 'Error atque quia', 'Voluptatem nemo qui id tempora repellendus voluptatem sed ipsam dolores nostrum quae est et.', 'Quam aut dignissimos eum autem. Consectetur sunt quo dolorem et doloremque.', 146.75, 3, '2018-06-29 21:03:19', '2018-06-29 21:03:19'),
(55, 'Velit quia rerum', 'Et tempore qui dolore modi corporis blanditiis.', 'Facilis non voluptate dolor aperiam veniam. Autem omnis sapiente neque dolorem explicabo. Architecto voluptatum dolor et quia est qui et. At a enim et est.', 146.13, 3, '2018-06-29 21:03:19', '2018-06-29 21:03:19'),
(56, 'Minus quis et qui aut', 'Quia suscipit sed tempora qui et quia.', 'Voluptatem nisi temporibus consequatur odio dolorem reprehenderit quos. Vel unde perferendis reprehenderit. Harum est aliquam sapiente et.', 93.50, 3, '2018-06-29 21:03:19', '2018-06-29 21:03:19'),
(57, 'Molestiae et unde', 'Quia eveniet quam eius odit aliquam modi ut minus quam debitis aliquam qui omnis.', 'Voluptatem qui numquam et reprehenderit ratione. Beatae provident voluptatum at assumenda quia saepe id. Delectus maxime consequatur labore eos saepe. Molestiae soluta praesentium perferendis maxime.', 79.99, 3, '2018-06-29 21:03:19', '2018-06-29 21:03:19'),
(58, 'Inventore fugit officiis quia quaerat', 'Commodi in dolorum autem doloremque corrupti sunt dicta eos.', 'Ad sint quod iusto vel sed. Ad ab ipsa nihil. Sunt vel explicabo repudiandae qui eum molestiae. Cumque perspiciatis eum et voluptatem recusandae. Alias a ea vel voluptas est fuga omnis.', 78.50, 3, '2018-06-29 21:03:19', '2018-06-29 21:03:19'),
(59, 'Magni officiis iste', 'Neque autem ullam in eius vitae sed sed veniam recusandae est quasi qui.', 'Quis necessitatibus nesciunt harum dolores odit et ea. Rem a consequuntur et ut. Delectus nam ipsam voluptas aliquid debitis placeat molestias.', 108.30, 3, '2018-06-29 21:03:19', '2018-06-29 21:03:19'),
(60, 'Aperiam quis atque', 'Dicta sed ipsum iusto maxime consectetur optio est voluptatem maxime aut.', 'Alias corrupti possimus repudiandae et dolor ex. Labore blanditiis numquam itaque ut fuga voluptas. Aspernatur ea quas qui autem dolorem. Accusantium autem quibusdam quibusdam et.', 5.11, 3, '2018-06-29 21:03:19', '2018-06-29 21:03:19'),
(61, 'Ipsam quibusdam sequi odit', 'Quam nulla unde aperiam occaecati ea modi.', 'Nostrum quam excepturi inventore quo. Fugiat rerum omnis dicta. Consequatur nobis velit rerum.', 37.92, 4, '2018-06-29 21:03:19', '2018-06-29 21:03:19'),
(62, 'Quo ipsum rem', 'Quia error deserunt soluta id qui minus ut.', 'Animi possimus quaerat asperiores ut provident. Totam corrupti facilis consequatur. Quaerat ad dolore id sint rerum magnam est.', 44.48, 4, '2018-06-29 21:03:19', '2018-06-29 21:03:19'),
(63, 'Maxime veritatis dolores ratione', 'Suscipit officia cum odio aliquam deserunt non quis.', 'Odit ut doloremque sint commodi qui deserunt suscipit. Aliquid enim recusandae ea eum magnam ut sunt. Et voluptatem dolorum quam odit qui omnis illum.', 103.17, 4, '2018-06-29 21:03:19', '2018-06-29 21:03:19'),
(64, 'Dolore ab veritatis', 'Facere ut nihil omnis error est molestias pariatur totam itaque.', 'Voluptatibus explicabo doloribus nostrum maiores nesciunt ea iure. Architecto qui error quisquam fugit eaque quia laudantium consectetur. Molestias dolor accusantium unde velit nesciunt iusto quo.', 23.71, 4, '2018-06-29 21:03:19', '2018-06-29 21:03:19'),
(65, 'Libero autem et', 'Ut dolor a et non quia et impedit maiores voluptatum ipsam ea itaque et.', 'Sit dolorum ut magni eum sequi ut omnis. Sit laudantium dolores ipsam quia. Quam quae dignissimos explicabo et adipisci sint voluptates. Unde aut dolorem eaque aut et et non.', 72.52, 4, '2018-06-29 21:03:19', '2018-06-29 21:03:19'),
(66, 'Minus ducimus et laboriosam', 'Ea voluptates quos aut assumenda vitae consequatur hic in non architecto nemo cumque.', 'In quia voluptas vitae nobis eaque est. Eos sed voluptatibus laborum fugit nihil. Vel maxime vel ut ut.', 126.25, 4, '2018-06-29 21:03:19', '2018-06-29 21:03:19'),
(67, 'Libero qui quam est', 'Quo rerum laboriosam fugit inventore at commodi culpa veniam eius beatae laboriosam accusantium dolorum.', 'Quidem adipisci occaecati exercitationem et odit ratione voluptas. Amet sint maxime veniam distinctio. Qui facilis quod fugit laborum quaerat.', 125.15, 4, '2018-06-29 21:03:19', '2018-06-29 21:03:19'),
(68, 'Ex quam praesentium', 'Tenetur aliquam dolores sequi vel et est maxime porro corporis ipsum optio.', 'Illum cum voluptates ipsa ut consequatur quia et. Alias sint suscipit tenetur nihil dolorem cum. Et dolorem id vitae mollitia minus.', 54.81, 4, '2018-06-29 21:03:19', '2018-06-29 21:03:19'),
(69, 'Placeat dolorem mollitia', 'Quo officia sed maiores nisi laborum dolorum nesciunt consequatur.', 'Et officiis asperiores odio itaque exercitationem iure nesciunt. Ut voluptas nisi tempore animi vel fuga. Sunt nesciunt porro dicta autem et similique.', 66.23, 4, '2018-06-29 21:03:19', '2018-06-29 21:03:19'),
(70, 'Hic est ut quo', 'Mollitia nulla voluptas sunt rem ex asperiores qui eum est.', 'Eos modi ut dolores magni quidem. Ipsum aut nam aut nostrum et. Maiores ipsam doloremque sit sed.', 145.09, 4, '2018-06-29 21:03:19', '2018-06-29 21:03:19'),
(71, 'Et velit rerum', 'Iusto perspiciatis iure quos quisquam ad ratione dolore.', 'Amet quas laudantium voluptatibus eum. Distinctio beatae eaque fuga porro. Sint delectus impedit fugiat aut iste quidem aliquam. Dicta rerum repellat impedit corrupti cupiditate voluptas.', 63.40, 4, '2018-06-29 21:03:19', '2018-06-29 21:03:19'),
(72, 'Necessitatibus quas nesciunt', 'Numquam molestiae odit optio eum occaecati ut voluptatem explicabo.', 'Ex quod mollitia ratione repellat mollitia. Quia libero voluptate pariatur. Eos quo qui inventore eius consequuntur et occaecati. Omnis distinctio voluptate pariatur aut.', 29.61, 4, '2018-06-29 21:03:19', '2018-06-29 21:03:19'),
(73, 'Aut laborum laboriosam', 'Eveniet facere occaecati similique dolores aut cum et rerum hic.', 'Error totam officia fugit id. Esse sunt natus consequatur vero ducimus commodi nisi. Est esse et necessitatibus qui assumenda. Libero fugiat modi dolorem ut ut. Repudiandae qui ea non aut.', 97.87, 4, '2018-06-29 21:03:19', '2018-06-29 21:03:19'),
(74, 'Dolor officiis', 'Unde atque est numquam molestiae qui quod voluptatem sed similique possimus commodi.', 'Est consequatur non placeat quidem. Quis ipsum dolores eum mollitia non delectus tenetur. Unde rerum et repellendus ipsum. Perferendis ut non dicta dolores molestiae.', 138.18, 4, '2018-06-29 21:03:19', '2018-06-29 21:03:19'),
(75, 'Nisi enim sint numquam', 'Praesentium aut dolorem et consequuntur a eum quis repellendus nesciunt culpa velit architecto.', 'Nam quas voluptatem et non ullam ullam et. Autem et praesentium aliquam ut facere optio reprehenderit. Necessitatibus harum autem veniam corporis saepe quia hic.', 49.64, 4, '2018-06-29 21:03:19', '2018-06-29 21:03:19'),
(76, 'Vitae eveniet est', 'Autem pariatur iure omnis et ad ipsa voluptas.', 'Commodi minus sed et quod nihil mollitia. Totam optio necessitatibus consequuntur impedit facilis. Est magni nam sed.', 50.40, 4, '2018-06-29 21:03:19', '2018-06-29 21:03:19'),
(77, 'Expedita dicta et', 'Assumenda sapiente vitae in sint laborum suscipit nostrum quo accusamus ut ex sed odio.', 'Veritatis possimus est distinctio hic. Quisquam veniam beatae qui minus qui dolor. Corrupti voluptatem rerum necessitatibus rerum eius excepturi cumque. Vero sapiente distinctio veniam.', 147.79, 4, '2018-06-29 21:03:19', '2018-06-29 21:03:19'),
(78, 'Et eos et explicabo', 'Ut autem sint qui tenetur soluta perspiciatis et.', 'Enim qui aperiam eligendi doloribus omnis. Aliquid quam explicabo eligendi voluptatem. Voluptatem unde quis distinctio cupiditate.', 109.18, 4, '2018-06-29 21:03:19', '2018-06-29 21:03:19'),
(79, 'Et aperiam reiciendis', 'Ea autem ut hic quia quibusdam necessitatibus exercitationem distinctio et nisi tempora.', 'Nesciunt deleniti necessitatibus necessitatibus voluptas consequatur esse in. Architecto blanditiis dolores ipsam officia rerum veritatis eum. Vel et quod non aut labore qui.', 106.16, 4, '2018-06-29 21:03:19', '2018-06-29 21:03:19'),
(80, 'Quo atque nam', 'Aperiam hic quia nulla ratione omnis nemo est id facilis repudiandae quia illum facilis.', 'Doloribus repellendus accusamus dolor molestiae sed aut. Consectetur voluptatum qui est. Ut doloribus illo eum rerum quaerat amet. Corporis nihil reiciendis nesciunt facilis sed.', 81.20, 4, '2018-06-29 21:03:19', '2018-06-29 21:03:19'),
(81, 'Labore aliquam voluptatem accusamus', 'Sit optio ducimus molestiae nulla sit iure.', 'Architecto porro sunt aut repellat voluptatem. Non itaque illo aspernatur qui quis illo. Neque illo autem odio explicabo libero. Illo sit eius saepe enim.', 16.42, 5, '2018-06-29 21:03:19', '2018-06-29 21:03:19'),
(82, 'Voluptas consequuntur perferendis tempore', 'Et incidunt aliquam corrupti aliquam quam blanditiis et voluptatem quia ut qui labore quas.', 'Molestiae aut ex cumque at voluptatem dolore. Sint maiores deleniti maiores id dolore quia.', 143.49, 5, '2018-06-29 21:03:19', '2018-06-29 21:03:19'),
(83, 'A molestiae ut suscipit vel', 'Distinctio error odio ea harum est deleniti dicta qui.', 'Sed libero officiis rerum laborum. Qui ut ut doloremque suscipit cupiditate nobis. Amet eos aliquam et optio. Voluptas qui repellendus fuga ducimus voluptatibus fugit officia eveniet.', 45.38, 5, '2018-06-29 21:03:19', '2018-06-29 21:03:19'),
(84, 'Natus quia consectetur incidunt', 'Magni quo vero aliquid expedita aliquam ut et et eaque hic quasi blanditiis adipisci.', 'Aliquam ut qui eveniet odit. Rerum quam occaecati quia earum vitae. Est molestiae qui placeat ipsam aut dicta. Sit tempore laudantium praesentium veritatis sunt ut.', 55.84, 5, '2018-06-29 21:03:19', '2018-06-29 21:03:19'),
(85, 'Magni id omnis eveniet', 'Porro et non optio repudiandae earum et impedit sint.', 'In alias quod aut facilis atque saepe. Dignissimos voluptas totam quo qui quibusdam. Mollitia molestiae reprehenderit maiores corrupti.', 149.78, 5, '2018-06-29 21:03:19', '2018-06-29 21:03:19'),
(86, 'In molestiae dignissimos', 'Beatae aut vel omnis cumque sunt non aut itaque non laboriosam quia nostrum amet.', 'Et tempora a et possimus. Ut molestias sit nam cupiditate consequatur molestiae. Impedit sint voluptates repellat quo et velit eligendi necessitatibus.', 148.31, 5, '2018-06-29 21:03:19', '2018-06-29 21:03:19'),
(87, 'Porro nihil', 'Consectetur recusandae eius vel eveniet excepturi perferendis.', 'Incidunt blanditiis occaecati occaecati reprehenderit consequuntur. Quasi mollitia ut sed tempore sunt quas unde nisi. Consequatur quo molestiae exercitationem. Dolor delectus molestiae vel.', 32.35, 5, '2018-06-29 21:03:19', '2018-06-29 21:03:19'),
(88, 'Eum ratione omnis', 'Quidem incidunt molestiae iure natus ut ipsa sit ut alias illum autem ratione quo.', 'Praesentium qui est aliquid id quasi ea laborum. Eum soluta dolorum architecto dolorem omnis nulla. Vitae et nostrum dolorum dolores quo quia beatae.', 17.28, 5, '2018-06-29 21:03:19', '2018-06-29 21:03:19'),
(89, 'Voluptatem eos corrupti', 'Ut architecto ea distinctio veritatis consequatur similique odio rerum voluptatem illum provident.', 'Laborum dolorem sit vitae aliquam et blanditiis animi. Dolorum accusantium debitis nobis ab rerum beatae doloremque. Quo vel maiores voluptate aut ut suscipit. Aut consequatur non id veritatis odit.', 5.96, 5, '2018-06-29 21:03:19', '2018-06-29 21:03:19'),
(90, 'Commodi quis voluptates ducimus', 'Ut aliquid asperiores eaque ducimus rerum omnis.', 'Et architecto perferendis nesciunt dolores eligendi quis molestiae. Aut unde perferendis esse voluptate ut aspernatur. Dolor earum consequatur commodi nostrum dolorem illum ex repellat.', 64.03, 5, '2018-06-29 21:03:19', '2018-06-29 21:03:19'),
(91, 'Sit ut mollitia est', 'Odit et eos accusantium est iusto eveniet illum dolor voluptatum consectetur eligendi.', 'Perferendis dolores architecto repudiandae quisquam. Eaque cupiditate nam adipisci possimus molestiae vitae ea. Voluptas eaque ratione est tenetur fuga.', 46.91, 5, '2018-06-29 21:03:19', '2018-06-29 21:03:19'),
(92, 'Sit perspiciatis sunt', 'Aut dicta et accusamus minima recusandae esse quia.', 'Ipsam minima placeat quia ab quod. Voluptatum maiores fugiat sit laborum natus asperiores qui. Atque quis et ut aut blanditiis.', 130.51, 5, '2018-06-29 21:03:19', '2018-06-29 21:03:19'),
(93, 'Saepe ut id', 'Quaerat magnam laborum et impedit asperiores necessitatibus.', 'Est tempora omnis iste facere. Laboriosam velit est maxime numquam id voluptatem laudantium. Et cum qui vitae blanditiis voluptas quia laboriosam. Maiores dolores nihil saepe repellat.', 79.86, 5, '2018-06-29 21:03:19', '2018-06-29 21:03:19'),
(94, 'Qui ut repudiandae', 'Quo ut veritatis sint et enim tempora consectetur maiores dolores esse illum.', 'Consequatur ab et ex. Ut incidunt laborum dolor et. Aut nihil consequuntur soluta iusto corrupti.', 11.22, 5, '2018-06-29 21:03:19', '2018-06-29 21:03:19'),
(95, 'Earum expedita consequatur', 'Quos animi voluptas consequatur sequi omnis maiores laborum consectetur atque sint aliquam voluptas.', 'Cum qui sit et. Dolore in incidunt ut adipisci laboriosam consequatur. Dolor nostrum iste reprehenderit rerum. Rerum magni est numquam illo similique officiis sunt.', 59.25, 5, '2018-06-29 21:03:19', '2018-06-29 21:03:19'),
(96, 'Ut nihil ex', 'Minima quis voluptate ut non ratione sed blanditiis non quia.', 'Placeat aut eum architecto quidem quis qui qui. Iure non quidem adipisci quos tempore vitae iusto. Nam distinctio qui enim doloribus aut ut. Nulla voluptatum vel modi et quia.', 26.69, 5, '2018-06-29 21:03:19', '2018-06-29 21:03:19'),
(97, 'Nihil nobis quia et', 'Aperiam ipsum dicta aliquid quas adipisci omnis qui est cupiditate facere.', 'Est quis accusantium reiciendis non in nemo. Sunt adipisci doloremque aut et voluptate consequuntur. A perferendis eligendi sunt vel omnis. Corporis labore pariatur earum id sequi est repudiandae.', 21.22, 5, '2018-06-29 21:03:19', '2018-06-29 21:03:19'),
(98, 'Quia et excepturi', 'Fugit blanditiis commodi suscipit molestiae a id pariatur distinctio.', 'Accusantium doloribus unde vel quia ad. Nobis quos nulla ad in. Natus sit eius quibusdam labore. Nostrum debitis ullam velit et.', 40.88, 5, '2018-06-29 21:03:19', '2018-06-29 21:03:19'),
(99, 'Quas quaerat voluptatem', 'Et accusamus aut ut porro consequatur vitae beatae assumenda iste hic tempore nisi.', 'Recusandae eveniet corrupti qui odio. Repellat animi quia earum consequatur rerum. Molestiae neque ut dolores sunt quis consectetur eum.', 71.75, 5, '2018-06-29 21:03:19', '2018-06-29 21:03:19'),
(100, 'Placeat quam consequatur', 'Aut ad alias inventore illo iste fuga eos dolores non qui mollitia tenetur aliquam.', 'Autem totam necessitatibus laboriosam omnis consequatur voluptatem deserunt aspernatur. Iusto molestiae dignissimos nesciunt labore.', 24.70, 5, '2018-06-29 21:03:19', '2018-06-29 21:03:19');

-- --------------------------------------------------------

--
-- Estructura de tabla para la tabla `product_images`
--

CREATE TABLE `product_images` (
  `id` int(10) UNSIGNED NOT NULL,
  `image` varchar(191) COLLATE utf8mb4_unicode_ci NOT NULL,
  `featured` tinyint(1) NOT NULL DEFAULT '0',
  `product_id` int(10) UNSIGNED NOT NULL,
  `created_at` timestamp NULL DEFAULT NULL,
  `updated_at` timestamp NULL DEFAULT NULL
) ENGINE=InnoDB DEFAULT CHARSET=utf8mb4 COLLATE=utf8mb4_unicode_ci;

--
-- Volcado de datos para la tabla `product_images`
--

INSERT INTO `product_images` (`id`, `image`, `featured`, `product_id`, `created_at`, `updated_at`) VALUES
(1, 'https://lorempixel.com/250/250/?33353', 0, 1, '2018-06-29 21:03:18', '2018-06-29 21:03:18'),
(2, 'https://lorempixel.com/250/250/?12070', 0, 1, '2018-06-29 21:03:18', '2018-06-29 21:03:18'),
(3, 'https://lorempixel.com/250/250/?79348', 0, 1, '2018-06-29 21:03:18', '2018-06-29 21:03:18'),
(4, 'https://lorempixel.com/250/250/?76407', 0, 1, '2018-06-29 21:03:18', '2018-06-29 21:03:18'),
(5, 'https://lorempixel.com/250/250/?34016', 0, 1, '2018-06-29 21:03:18', '2018-06-29 21:03:18'),
(6, 'https://lorempixel.com/250/250/?97932', 0, 2, '2018-06-29 21:03:18', '2018-06-29 21:03:18'),
(7, 'https://lorempixel.com/250/250/?99379', 0, 2, '2018-06-29 21:03:18', '2018-06-29 21:03:18'),
(8, 'https://lorempixel.com/250/250/?26711', 0, 2, '2018-06-29 21:03:18', '2018-06-29 21:03:18'),
(9, 'https://lorempixel.com/250/250/?81519', 0, 2, '2018-06-29 21:03:18', '2018-06-29 21:03:18'),
(10, 'https://lorempixel.com/250/250/?58134', 0, 2, '2018-06-29 21:03:18', '2018-06-29 21:03:18'),
(11, 'https://lorempixel.com/250/250/?73424', 0, 3, '2018-06-29 21:03:18', '2018-06-29 21:03:18'),
(12, 'https://lorempixel.com/250/250/?65088', 0, 3, '2018-06-29 21:03:18', '2018-06-29 21:03:18'),
(13, 'https://lorempixel.com/250/250/?43031', 0, 3, '2018-06-29 21:03:18', '2018-06-29 21:03:18'),
(14, 'https://lorempixel.com/250/250/?58436', 0, 3, '2018-06-29 21:03:18', '2018-06-29 21:03:18'),
(15, 'https://lorempixel.com/250/250/?75839', 0, 3, '2018-06-29 21:03:18', '2018-06-29 21:03:18'),
(16, 'https://lorempixel.com/250/250/?10325', 0, 4, '2018-06-29 21:03:18', '2018-06-29 21:03:18'),
(17, 'https://lorempixel.com/250/250/?54073', 0, 4, '2018-06-29 21:03:18', '2018-06-29 21:03:18'),
(18, 'https://lorempixel.com/250/250/?99151', 0, 4, '2018-06-29 21:03:18', '2018-06-29 21:03:18'),
(19, 'https://lorempixel.com/250/250/?50637', 0, 4, '2018-06-29 21:03:18', '2018-06-29 21:03:18'),
(20, 'https://lorempixel.com/250/250/?43240', 0, 4, '2018-06-29 21:03:18', '2018-06-29 21:03:18'),
(21, 'https://lorempixel.com/250/250/?47329', 0, 5, '2018-06-29 21:03:18', '2018-06-29 21:03:18'),
(22, 'https://lorempixel.com/250/250/?51572', 0, 5, '2018-06-29 21:03:18', '2018-06-29 21:03:18'),
(23, 'https://lorempixel.com/250/250/?88723', 0, 5, '2018-06-29 21:03:18', '2018-06-29 21:03:18'),
(24, 'https://lorempixel.com/250/250/?77056', 0, 5, '2018-06-29 21:03:18', '2018-06-29 21:03:18'),
(25, 'https://lorempixel.com/250/250/?95441', 0, 5, '2018-06-29 21:03:18', '2018-06-29 21:03:18'),
(26, 'https://lorempixel.com/250/250/?76052', 0, 6, '2018-06-29 21:03:18', '2018-06-29 21:03:18'),
(27, 'https://lorempixel.com/250/250/?94899', 0, 6, '2018-06-29 21:03:18', '2018-06-29 21:03:18'),
(28, 'https://lorempixel.com/250/250/?90297', 0, 6, '2018-06-29 21:03:18', '2018-06-29 21:03:18'),
(29, 'https://lorempixel.com/250/250/?57824', 0, 6, '2018-06-29 21:03:18', '2018-06-29 21:03:18'),
(30, 'https://lorempixel.com/250/250/?81567', 0, 6, '2018-06-29 21:03:18', '2018-06-29 21:03:18'),
(31, 'https://lorempixel.com/250/250/?79836', 0, 7, '2018-06-29 21:03:18', '2018-06-29 21:03:18'),
(32, 'https://lorempixel.com/250/250/?38732', 0, 7, '2018-06-29 21:03:18', '2018-06-29 21:03:18'),
(33, 'https://lorempixel.com/250/250/?77957', 0, 7, '2018-06-29 21:03:18', '2018-06-29 21:03:18'),
(34, 'https://lorempixel.com/250/250/?94456', 0, 7, '2018-06-29 21:03:18', '2018-06-29 21:03:18'),
(35, 'https://lorempixel.com/250/250/?17695', 0, 7, '2018-06-29 21:03:18', '2018-06-29 21:03:18'),
(36, 'https://lorempixel.com/250/250/?47161', 0, 8, '2018-06-29 21:03:18', '2018-06-29 21:03:18'),
(37, 'https://lorempixel.com/250/250/?82888', 0, 8, '2018-06-29 21:03:18', '2018-06-29 21:03:18'),
(38, 'https://lorempixel.com/250/250/?30947', 0, 8, '2018-06-29 21:03:18', '2018-06-29 21:03:18'),
(39, 'https://lorempixel.com/250/250/?95704', 0, 8, '2018-06-29 21:03:18', '2018-06-29 21:03:18'),
(40, 'https://lorempixel.com/250/250/?37651', 0, 8, '2018-06-29 21:03:18', '2018-06-29 21:03:18'),
(41, 'https://lorempixel.com/250/250/?56239', 0, 9, '2018-06-29 21:03:18', '2018-06-29 21:03:18'),
(42, 'https://lorempixel.com/250/250/?66494', 0, 9, '2018-06-29 21:03:18', '2018-06-29 21:03:18'),
(43, 'https://lorempixel.com/250/250/?91467', 0, 9, '2018-06-29 21:03:18', '2018-06-29 21:03:18'),
(44, 'https://lorempixel.com/250/250/?46901', 0, 9, '2018-06-29 21:03:18', '2018-06-29 21:03:18'),
(45, 'https://lorempixel.com/250/250/?41532', 0, 9, '2018-06-29 21:03:18', '2018-06-29 21:03:18'),
(46, 'https://lorempixel.com/250/250/?86994', 0, 10, '2018-06-29 21:03:18', '2018-06-29 21:03:18'),
(47, 'https://lorempixel.com/250/250/?46653', 0, 10, '2018-06-29 21:03:18', '2018-06-29 21:03:18'),
(48, 'https://lorempixel.com/250/250/?27044', 0, 10, '2018-06-29 21:03:18', '2018-06-29 21:03:18'),
(49, 'https://lorempixel.com/250/250/?79936', 0, 10, '2018-06-29 21:03:18', '2018-06-29 21:03:18'),
(50, 'https://lorempixel.com/250/250/?72591', 0, 10, '2018-06-29 21:03:18', '2018-06-29 21:03:18'),
(51, 'https://lorempixel.com/250/250/?42718', 0, 11, '2018-06-29 21:03:18', '2018-06-29 21:03:18'),
(52, 'https://lorempixel.com/250/250/?98775', 0, 11, '2018-06-29 21:03:18', '2018-06-29 21:03:18'),
(53, 'https://lorempixel.com/250/250/?14993', 0, 11, '2018-06-29 21:03:18', '2018-06-29 21:03:18'),
(54, 'https://lorempixel.com/250/250/?37758', 0, 11, '2018-06-29 21:03:18', '2018-06-29 21:03:18'),
(55, 'https://lorempixel.com/250/250/?24449', 0, 11, '2018-06-29 21:03:18', '2018-06-29 21:03:18'),
(56, 'https://lorempixel.com/250/250/?99254', 0, 12, '2018-06-29 21:03:18', '2018-06-29 21:03:18'),
(57, 'https://lorempixel.com/250/250/?98525', 0, 12, '2018-06-29 21:03:18', '2018-06-29 21:03:18'),
(58, 'https://lorempixel.com/250/250/?13570', 0, 12, '2018-06-29 21:03:18', '2018-06-29 21:03:18'),
(59, 'https://lorempixel.com/250/250/?26698', 0, 12, '2018-06-29 21:03:18', '2018-06-29 21:03:18'),
(60, 'https://lorempixel.com/250/250/?59731', 0, 12, '2018-06-29 21:03:18', '2018-06-29 21:03:18'),
(61, 'https://lorempixel.com/250/250/?41879', 0, 13, '2018-06-29 21:03:18', '2018-06-29 21:03:18'),
(62, 'https://lorempixel.com/250/250/?81925', 0, 13, '2018-06-29 21:03:18', '2018-06-29 21:03:18'),
(63, 'https://lorempixel.com/250/250/?25687', 0, 13, '2018-06-29 21:03:18', '2018-06-29 21:03:18'),
(64, 'https://lorempixel.com/250/250/?56287', 0, 13, '2018-06-29 21:03:18', '2018-06-29 21:03:18'),
(65, 'https://lorempixel.com/250/250/?27499', 0, 13, '2018-06-29 21:03:18', '2018-06-29 21:03:18'),
(66, 'https://lorempixel.com/250/250/?42193', 0, 14, '2018-06-29 21:03:18', '2018-06-29 21:03:18'),
(67, 'https://lorempixel.com/250/250/?22825', 0, 14, '2018-06-29 21:03:18', '2018-06-29 21:03:18'),
(68, 'https://lorempixel.com/250/250/?66872', 0, 14, '2018-06-29 21:03:18', '2018-06-29 21:03:18'),
(69, 'https://lorempixel.com/250/250/?57390', 0, 14, '2018-06-29 21:03:18', '2018-06-29 21:03:18'),
(70, 'https://lorempixel.com/250/250/?58924', 0, 14, '2018-06-29 21:03:18', '2018-06-29 21:03:18'),
(71, 'https://lorempixel.com/250/250/?35227', 0, 15, '2018-06-29 21:03:18', '2018-06-29 21:03:18'),
(72, 'https://lorempixel.com/250/250/?26184', 0, 15, '2018-06-29 21:03:18', '2018-06-29 21:03:18'),
(73, 'https://lorempixel.com/250/250/?23007', 0, 15, '2018-06-29 21:03:18', '2018-06-29 21:03:18'),
(74, 'https://lorempixel.com/250/250/?43173', 0, 15, '2018-06-29 21:03:18', '2018-06-29 21:03:18'),
(75, 'https://lorempixel.com/250/250/?93077', 0, 15, '2018-06-29 21:03:18', '2018-06-29 21:03:18'),
(76, 'https://lorempixel.com/250/250/?37077', 0, 16, '2018-06-29 21:03:18', '2018-06-29 21:03:18'),
(77, 'https://lorempixel.com/250/250/?32411', 0, 16, '2018-06-29 21:03:18', '2018-06-29 21:03:18'),
(78, 'https://lorempixel.com/250/250/?91808', 0, 16, '2018-06-29 21:03:18', '2018-06-29 21:03:18'),
(79, 'https://lorempixel.com/250/250/?99850', 0, 16, '2018-06-29 21:03:18', '2018-06-29 21:03:18'),
(80, 'https://lorempixel.com/250/250/?95727', 0, 16, '2018-06-29 21:03:18', '2018-06-29 21:03:18'),
(81, 'https://lorempixel.com/250/250/?56165', 0, 17, '2018-06-29 21:03:18', '2018-06-29 21:03:18'),
(82, 'https://lorempixel.com/250/250/?77029', 0, 17, '2018-06-29 21:03:18', '2018-06-29 21:03:18'),
(83, 'https://lorempixel.com/250/250/?27355', 0, 17, '2018-06-29 21:03:18', '2018-06-29 21:03:18'),
(84, 'https://lorempixel.com/250/250/?46191', 0, 17, '2018-06-29 21:03:18', '2018-06-29 21:03:18'),
(85, 'https://lorempixel.com/250/250/?90890', 0, 17, '2018-06-29 21:03:18', '2018-06-29 21:03:18'),
(86, 'https://lorempixel.com/250/250/?65783', 0, 18, '2018-06-29 21:03:18', '2018-06-29 21:03:18'),
(87, 'https://lorempixel.com/250/250/?27386', 0, 18, '2018-06-29 21:03:18', '2018-06-29 21:03:18'),
(88, 'https://lorempixel.com/250/250/?55269', 0, 18, '2018-06-29 21:03:18', '2018-06-29 21:03:18'),
(89, 'https://lorempixel.com/250/250/?80794', 0, 18, '2018-06-29 21:03:18', '2018-06-29 21:03:18'),
(90, 'https://lorempixel.com/250/250/?73668', 0, 18, '2018-06-29 21:03:18', '2018-06-29 21:03:18'),
(91, 'https://lorempixel.com/250/250/?75488', 0, 19, '2018-06-29 21:03:18', '2018-06-29 21:03:18'),
(92, 'https://lorempixel.com/250/250/?86841', 0, 19, '2018-06-29 21:03:18', '2018-06-29 21:03:18'),
(93, 'https://lorempixel.com/250/250/?95081', 0, 19, '2018-06-29 21:03:18', '2018-06-29 21:03:18'),
(94, 'https://lorempixel.com/250/250/?25125', 0, 19, '2018-06-29 21:03:18', '2018-06-29 21:03:18'),
(95, 'https://lorempixel.com/250/250/?58031', 0, 19, '2018-06-29 21:03:18', '2018-06-29 21:03:18'),
(96, 'https://lorempixel.com/250/250/?85276', 0, 20, '2018-06-29 21:03:18', '2018-06-29 21:03:18'),
(97, 'https://lorempixel.com/250/250/?28472', 0, 20, '2018-06-29 21:03:18', '2018-06-29 21:03:18'),
(98, 'https://lorempixel.com/250/250/?44224', 0, 20, '2018-06-29 21:03:18', '2018-06-29 21:03:18'),
(99, 'https://lorempixel.com/250/250/?29989', 0, 20, '2018-06-29 21:03:18', '2018-06-29 21:03:18'),
(100, 'https://lorempixel.com/250/250/?21731', 0, 20, '2018-06-29 21:03:18', '2018-06-29 21:03:18'),
(101, 'https://lorempixel.com/250/250/?18283', 0, 21, '2018-06-29 21:03:18', '2018-06-29 21:03:18'),
(102, 'https://lorempixel.com/250/250/?42486', 0, 21, '2018-06-29 21:03:18', '2018-06-29 21:03:18'),
(103, 'https://lorempixel.com/250/250/?64652', 0, 21, '2018-06-29 21:03:18', '2018-06-29 21:03:18'),
(104, 'https://lorempixel.com/250/250/?12530', 0, 21, '2018-06-29 21:03:18', '2018-06-29 21:03:18'),
(105, 'https://lorempixel.com/250/250/?48464', 0, 21, '2018-06-29 21:03:18', '2018-06-29 21:03:18'),
(106, 'https://lorempixel.com/250/250/?28662', 0, 22, '2018-06-29 21:03:18', '2018-06-29 21:03:18'),
(107, 'https://lorempixel.com/250/250/?43652', 0, 22, '2018-06-29 21:03:18', '2018-06-29 21:03:18'),
(108, 'https://lorempixel.com/250/250/?96736', 0, 22, '2018-06-29 21:03:18', '2018-06-29 21:03:18'),
(109, 'https://lorempixel.com/250/250/?17458', 0, 22, '2018-06-29 21:03:18', '2018-06-29 21:03:18'),
(110, 'https://lorempixel.com/250/250/?28944', 0, 22, '2018-06-29 21:03:18', '2018-06-29 21:03:18'),
(111, 'https://lorempixel.com/250/250/?91346', 0, 23, '2018-06-29 21:03:18', '2018-06-29 21:03:18'),
(112, 'https://lorempixel.com/250/250/?70031', 0, 23, '2018-06-29 21:03:18', '2018-06-29 21:03:18'),
(113, 'https://lorempixel.com/250/250/?39631', 0, 23, '2018-06-29 21:03:18', '2018-06-29 21:03:18'),
(114, 'https://lorempixel.com/250/250/?80184', 0, 23, '2018-06-29 21:03:18', '2018-06-29 21:03:18'),
(115, 'https://lorempixel.com/250/250/?59958', 0, 23, '2018-06-29 21:03:18', '2018-06-29 21:03:18'),
(116, 'https://lorempixel.com/250/250/?92364', 0, 24, '2018-06-29 21:03:18', '2018-06-29 21:03:18'),
(117, 'https://lorempixel.com/250/250/?21002', 0, 24, '2018-06-29 21:03:18', '2018-06-29 21:03:18'),
(118, 'https://lorempixel.com/250/250/?57636', 0, 24, '2018-06-29 21:03:18', '2018-06-29 21:03:18'),
(119, 'https://lorempixel.com/250/250/?32554', 0, 24, '2018-06-29 21:03:18', '2018-06-29 21:03:18'),
(120, 'https://lorempixel.com/250/250/?64101', 0, 24, '2018-06-29 21:03:18', '2018-06-29 21:03:18'),
(121, 'https://lorempixel.com/250/250/?28111', 0, 25, '2018-06-29 21:03:18', '2018-06-29 21:03:18'),
(122, 'https://lorempixel.com/250/250/?70598', 0, 25, '2018-06-29 21:03:18', '2018-06-29 21:03:18'),
(123, 'https://lorempixel.com/250/250/?35335', 0, 25, '2018-06-29 21:03:18', '2018-06-29 21:03:18'),
(124, 'https://lorempixel.com/250/250/?52126', 0, 25, '2018-06-29 21:03:18', '2018-06-29 21:03:18'),
(125, 'https://lorempixel.com/250/250/?60283', 0, 25, '2018-06-29 21:03:18', '2018-06-29 21:03:18'),
(126, 'https://lorempixel.com/250/250/?47572', 0, 26, '2018-06-29 21:03:18', '2018-06-29 21:03:18'),
(127, 'https://lorempixel.com/250/250/?53502', 0, 26, '2018-06-29 21:03:18', '2018-06-29 21:03:18'),
(128, 'https://lorempixel.com/250/250/?50892', 0, 26, '2018-06-29 21:03:18', '2018-06-29 21:03:18'),
(129, 'https://lorempixel.com/250/250/?81845', 0, 26, '2018-06-29 21:03:18', '2018-06-29 21:03:18'),
(130, 'https://lorempixel.com/250/250/?40684', 0, 26, '2018-06-29 21:03:18', '2018-06-29 21:03:18'),
(131, 'https://lorempixel.com/250/250/?27414', 0, 27, '2018-06-29 21:03:18', '2018-06-29 21:03:18'),
(132, 'https://lorempixel.com/250/250/?16005', 0, 27, '2018-06-29 21:03:18', '2018-06-29 21:03:18'),
(133, 'https://lorempixel.com/250/250/?39527', 0, 27, '2018-06-29 21:03:18', '2018-06-29 21:03:18'),
(134, 'https://lorempixel.com/250/250/?21442', 0, 27, '2018-06-29 21:03:18', '2018-06-29 21:03:18'),
(135, 'https://lorempixel.com/250/250/?95107', 0, 27, '2018-06-29 21:03:18', '2018-06-29 21:03:18'),
(136, 'https://lorempixel.com/250/250/?51135', 0, 28, '2018-06-29 21:03:18', '2018-06-29 21:03:18'),
(137, 'https://lorempixel.com/250/250/?57681', 0, 28, '2018-06-29 21:03:18', '2018-06-29 21:03:18'),
(138, 'https://lorempixel.com/250/250/?98960', 0, 28, '2018-06-29 21:03:18', '2018-06-29 21:03:18'),
(139, 'https://lorempixel.com/250/250/?50584', 0, 28, '2018-06-29 21:03:18', '2018-06-29 21:03:18'),
(140, 'https://lorempixel.com/250/250/?10687', 0, 28, '2018-06-29 21:03:18', '2018-06-29 21:03:18'),
(141, 'https://lorempixel.com/250/250/?57397', 0, 29, '2018-06-29 21:03:18', '2018-06-29 21:03:18'),
(142, 'https://lorempixel.com/250/250/?50408', 0, 29, '2018-06-29 21:03:18', '2018-06-29 21:03:18'),
(143, 'https://lorempixel.com/250/250/?45985', 0, 29, '2018-06-29 21:03:18', '2018-06-29 21:03:18'),
(144, 'https://lorempixel.com/250/250/?54290', 0, 29, '2018-06-29 21:03:18', '2018-06-29 21:03:18'),
(145, 'https://lorempixel.com/250/250/?81229', 0, 29, '2018-06-29 21:03:18', '2018-06-29 21:03:18'),
(146, 'https://lorempixel.com/250/250/?95747', 0, 30, '2018-06-29 21:03:19', '2018-06-29 21:03:19'),
(147, 'https://lorempixel.com/250/250/?56452', 0, 30, '2018-06-29 21:03:19', '2018-06-29 21:03:19'),
(148, 'https://lorempixel.com/250/250/?16511', 0, 30, '2018-06-29 21:03:19', '2018-06-29 21:03:19'),
(149, 'https://lorempixel.com/250/250/?73988', 0, 30, '2018-06-29 21:03:19', '2018-06-29 21:03:19'),
(150, 'https://lorempixel.com/250/250/?79846', 0, 30, '2018-06-29 21:03:19', '2018-06-29 21:03:19'),
(151, 'https://lorempixel.com/250/250/?43291', 0, 31, '2018-06-29 21:03:19', '2018-06-29 21:03:19'),
(152, 'https://lorempixel.com/250/250/?72966', 0, 31, '2018-06-29 21:03:19', '2018-06-29 21:03:19'),
(153, 'https://lorempixel.com/250/250/?93884', 0, 31, '2018-06-29 21:03:19', '2018-06-29 21:03:19'),
(154, 'https://lorempixel.com/250/250/?78359', 0, 31, '2018-06-29 21:03:19', '2018-06-29 21:03:19'),
(155, 'https://lorempixel.com/250/250/?79878', 0, 31, '2018-06-29 21:03:19', '2018-06-29 21:03:19'),
(156, 'https://lorempixel.com/250/250/?46328', 0, 32, '2018-06-29 21:03:19', '2018-06-29 21:03:19'),
(157, 'https://lorempixel.com/250/250/?40374', 0, 32, '2018-06-29 21:03:19', '2018-06-29 21:03:19'),
(158, 'https://lorempixel.com/250/250/?22662', 0, 32, '2018-06-29 21:03:19', '2018-06-29 21:03:19'),
(159, 'https://lorempixel.com/250/250/?75485', 0, 32, '2018-06-29 21:03:19', '2018-06-29 21:03:19'),
(160, 'https://lorempixel.com/250/250/?54028', 0, 32, '2018-06-29 21:03:19', '2018-06-29 21:03:19'),
(161, 'https://lorempixel.com/250/250/?39072', 0, 33, '2018-06-29 21:03:19', '2018-06-29 21:03:19'),
(162, 'https://lorempixel.com/250/250/?49159', 0, 33, '2018-06-29 21:03:19', '2018-06-29 21:03:19'),
(163, 'https://lorempixel.com/250/250/?96399', 0, 33, '2018-06-29 21:03:19', '2018-06-29 21:03:19'),
(164, 'https://lorempixel.com/250/250/?50573', 0, 33, '2018-06-29 21:03:19', '2018-06-29 21:03:19'),
(165, 'https://lorempixel.com/250/250/?24829', 0, 33, '2018-06-29 21:03:19', '2018-06-29 21:03:19'),
(166, 'https://lorempixel.com/250/250/?25897', 0, 34, '2018-06-29 21:03:19', '2018-06-29 21:03:19'),
(167, 'https://lorempixel.com/250/250/?49936', 0, 34, '2018-06-29 21:03:19', '2018-06-29 21:03:19'),
(168, 'https://lorempixel.com/250/250/?36682', 0, 34, '2018-06-29 21:03:19', '2018-06-29 21:03:19'),
(169, 'https://lorempixel.com/250/250/?54816', 0, 34, '2018-06-29 21:03:19', '2018-06-29 21:03:19'),
(170, 'https://lorempixel.com/250/250/?90296', 0, 34, '2018-06-29 21:03:19', '2018-06-29 21:03:19'),
(171, 'https://lorempixel.com/250/250/?82694', 0, 35, '2018-06-29 21:03:19', '2018-06-29 21:03:19'),
(172, 'https://lorempixel.com/250/250/?66858', 0, 35, '2018-06-29 21:03:19', '2018-06-29 21:03:19'),
(173, 'https://lorempixel.com/250/250/?90773', 0, 35, '2018-06-29 21:03:19', '2018-06-29 21:03:19'),
(174, 'https://lorempixel.com/250/250/?49918', 0, 35, '2018-06-29 21:03:19', '2018-06-29 21:03:19'),
(175, 'https://lorempixel.com/250/250/?64503', 0, 35, '2018-06-29 21:03:19', '2018-06-29 21:03:19'),
(176, 'https://lorempixel.com/250/250/?90722', 0, 36, '2018-06-29 21:03:19', '2018-06-29 21:03:19'),
(177, 'https://lorempixel.com/250/250/?30624', 0, 36, '2018-06-29 21:03:19', '2018-06-29 21:03:19'),
(178, 'https://lorempixel.com/250/250/?44140', 0, 36, '2018-06-29 21:03:19', '2018-06-29 21:03:19'),
(179, 'https://lorempixel.com/250/250/?32336', 0, 36, '2018-06-29 21:03:19', '2018-06-29 21:03:19'),
(180, 'https://lorempixel.com/250/250/?47840', 0, 36, '2018-06-29 21:03:19', '2018-06-29 21:03:19'),
(181, 'https://lorempixel.com/250/250/?18604', 0, 37, '2018-06-29 21:03:19', '2018-06-29 21:03:19'),
(182, 'https://lorempixel.com/250/250/?56272', 0, 37, '2018-06-29 21:03:19', '2018-06-29 21:03:19'),
(183, 'https://lorempixel.com/250/250/?84842', 0, 37, '2018-06-29 21:03:19', '2018-06-29 21:03:19'),
(184, 'https://lorempixel.com/250/250/?83050', 0, 37, '2018-06-29 21:03:19', '2018-06-29 21:03:19'),
(185, 'https://lorempixel.com/250/250/?81047', 0, 37, '2018-06-29 21:03:19', '2018-06-29 21:03:19'),
(186, 'https://lorempixel.com/250/250/?54163', 0, 38, '2018-06-29 21:03:19', '2018-06-29 21:03:19'),
(187, 'https://lorempixel.com/250/250/?99608', 0, 38, '2018-06-29 21:03:19', '2018-06-29 21:03:19'),
(188, 'https://lorempixel.com/250/250/?81873', 0, 38, '2018-06-29 21:03:19', '2018-06-29 21:03:19'),
(189, 'https://lorempixel.com/250/250/?21191', 0, 38, '2018-06-29 21:03:19', '2018-06-29 21:03:19'),
(190, 'https://lorempixel.com/250/250/?97941', 0, 38, '2018-06-29 21:03:19', '2018-06-29 21:03:19'),
(191, 'https://lorempixel.com/250/250/?33536', 0, 39, '2018-06-29 21:03:19', '2018-06-29 21:03:19'),
(192, 'https://lorempixel.com/250/250/?52227', 0, 39, '2018-06-29 21:03:19', '2018-06-29 21:03:19'),
(193, 'https://lorempixel.com/250/250/?36763', 0, 39, '2018-06-29 21:03:19', '2018-06-29 21:03:19'),
(194, 'https://lorempixel.com/250/250/?85127', 0, 39, '2018-06-29 21:03:19', '2018-06-29 21:03:19'),
(195, 'https://lorempixel.com/250/250/?25299', 0, 39, '2018-06-29 21:03:19', '2018-06-29 21:03:19'),
(196, 'https://lorempixel.com/250/250/?82147', 0, 40, '2018-06-29 21:03:19', '2018-06-29 21:03:19'),
(197, 'https://lorempixel.com/250/250/?69242', 0, 40, '2018-06-29 21:03:19', '2018-06-29 21:03:19'),
(198, 'https://lorempixel.com/250/250/?99066', 0, 40, '2018-06-29 21:03:19', '2018-06-29 21:03:19'),
(199, 'https://lorempixel.com/250/250/?50016', 0, 40, '2018-06-29 21:03:19', '2018-06-29 21:03:19'),
(200, 'https://lorempixel.com/250/250/?69219', 0, 40, '2018-06-29 21:03:19', '2018-06-29 21:03:19'),
(201, 'https://lorempixel.com/250/250/?72284', 0, 41, '2018-06-29 21:03:19', '2018-06-29 21:03:19'),
(202, 'https://lorempixel.com/250/250/?20844', 0, 41, '2018-06-29 21:03:19', '2018-06-29 21:03:19'),
(203, 'https://lorempixel.com/250/250/?98204', 0, 41, '2018-06-29 21:03:19', '2018-06-29 21:03:19'),
(204, 'https://lorempixel.com/250/250/?60517', 0, 41, '2018-06-29 21:03:19', '2018-06-29 21:03:19'),
(205, 'https://lorempixel.com/250/250/?61528', 0, 41, '2018-06-29 21:03:19', '2018-06-29 21:03:19'),
(206, 'https://lorempixel.com/250/250/?13822', 0, 42, '2018-06-29 21:03:19', '2018-06-29 21:03:19'),
(207, 'https://lorempixel.com/250/250/?89666', 0, 42, '2018-06-29 21:03:19', '2018-06-29 21:03:19'),
(208, 'https://lorempixel.com/250/250/?79005', 0, 42, '2018-06-29 21:03:19', '2018-06-29 21:03:19'),
(209, 'https://lorempixel.com/250/250/?24991', 0, 42, '2018-06-29 21:03:19', '2018-06-29 21:03:19'),
(210, 'https://lorempixel.com/250/250/?23423', 0, 42, '2018-06-29 21:03:19', '2018-06-29 21:03:19'),
(211, 'https://lorempixel.com/250/250/?59136', 0, 43, '2018-06-29 21:03:19', '2018-06-29 21:03:19'),
(212, 'https://lorempixel.com/250/250/?42896', 0, 43, '2018-06-29 21:03:19', '2018-06-29 21:03:19'),
(213, 'https://lorempixel.com/250/250/?69028', 0, 43, '2018-06-29 21:03:19', '2018-06-29 21:03:19'),
(214, 'https://lorempixel.com/250/250/?51740', 0, 43, '2018-06-29 21:03:19', '2018-06-29 21:03:19'),
(215, 'https://lorempixel.com/250/250/?66110', 0, 43, '2018-06-29 21:03:19', '2018-06-29 21:03:19'),
(216, 'https://lorempixel.com/250/250/?39905', 0, 44, '2018-06-29 21:03:19', '2018-06-29 21:03:19'),
(217, 'https://lorempixel.com/250/250/?83472', 0, 44, '2018-06-29 21:03:19', '2018-06-29 21:03:19'),
(218, 'https://lorempixel.com/250/250/?40581', 0, 44, '2018-06-29 21:03:19', '2018-06-29 21:03:19'),
(219, 'https://lorempixel.com/250/250/?33244', 0, 44, '2018-06-29 21:03:19', '2018-06-29 21:03:19'),
(220, 'https://lorempixel.com/250/250/?34033', 0, 44, '2018-06-29 21:03:19', '2018-06-29 21:03:19'),
(221, 'https://lorempixel.com/250/250/?63874', 0, 45, '2018-06-29 21:03:19', '2018-06-29 21:03:19'),
(222, 'https://lorempixel.com/250/250/?86348', 0, 45, '2018-06-29 21:03:19', '2018-06-29 21:03:19'),
(223, 'https://lorempixel.com/250/250/?34739', 0, 45, '2018-06-29 21:03:19', '2018-06-29 21:03:19'),
(224, 'https://lorempixel.com/250/250/?92351', 0, 45, '2018-06-29 21:03:19', '2018-06-29 21:03:19'),
(225, 'https://lorempixel.com/250/250/?41422', 0, 45, '2018-06-29 21:03:19', '2018-06-29 21:03:19'),
(226, 'https://lorempixel.com/250/250/?81976', 0, 46, '2018-06-29 21:03:19', '2018-06-29 21:03:19'),
(227, 'https://lorempixel.com/250/250/?33044', 0, 46, '2018-06-29 21:03:19', '2018-06-29 21:03:19'),
(228, 'https://lorempixel.com/250/250/?66710', 0, 46, '2018-06-29 21:03:19', '2018-06-29 21:03:19'),
(229, 'https://lorempixel.com/250/250/?44103', 0, 46, '2018-06-29 21:03:19', '2018-06-29 21:03:19'),
(230, 'https://lorempixel.com/250/250/?54313', 0, 46, '2018-06-29 21:03:19', '2018-06-29 21:03:19'),
(231, 'https://lorempixel.com/250/250/?48758', 0, 47, '2018-06-29 21:03:19', '2018-06-29 21:03:19'),
(232, 'https://lorempixel.com/250/250/?49743', 0, 47, '2018-06-29 21:03:19', '2018-06-29 21:03:19'),
(233, 'https://lorempixel.com/250/250/?31852', 0, 47, '2018-06-29 21:03:19', '2018-06-29 21:03:19'),
(234, 'https://lorempixel.com/250/250/?73128', 0, 47, '2018-06-29 21:03:19', '2018-06-29 21:03:19'),
(235, 'https://lorempixel.com/250/250/?61017', 0, 47, '2018-06-29 21:03:19', '2018-06-29 21:03:19'),
(236, 'https://lorempixel.com/250/250/?83172', 0, 48, '2018-06-29 21:03:19', '2018-06-29 21:03:19'),
(237, 'https://lorempixel.com/250/250/?56494', 0, 48, '2018-06-29 21:03:19', '2018-06-29 21:03:19'),
(238, 'https://lorempixel.com/250/250/?18481', 0, 48, '2018-06-29 21:03:19', '2018-06-29 21:03:19'),
(239, 'https://lorempixel.com/250/250/?59290', 0, 48, '2018-06-29 21:03:19', '2018-06-29 21:03:19'),
(240, 'https://lorempixel.com/250/250/?56180', 0, 48, '2018-06-29 21:03:19', '2018-06-29 21:03:19'),
(241, 'https://lorempixel.com/250/250/?49389', 0, 49, '2018-06-29 21:03:19', '2018-06-29 21:03:19'),
(242, 'https://lorempixel.com/250/250/?28279', 0, 49, '2018-06-29 21:03:19', '2018-06-29 21:03:19'),
(243, 'https://lorempixel.com/250/250/?76354', 0, 49, '2018-06-29 21:03:19', '2018-06-29 21:03:19'),
(244, 'https://lorempixel.com/250/250/?89317', 0, 49, '2018-06-29 21:03:19', '2018-06-29 21:03:19'),
(245, 'https://lorempixel.com/250/250/?39393', 0, 49, '2018-06-29 21:03:19', '2018-06-29 21:03:19'),
(246, 'https://lorempixel.com/250/250/?80155', 0, 50, '2018-06-29 21:03:19', '2018-06-29 21:03:19'),
(247, 'https://lorempixel.com/250/250/?75454', 0, 50, '2018-06-29 21:03:19', '2018-06-29 21:03:19'),
(248, 'https://lorempixel.com/250/250/?84760', 0, 50, '2018-06-29 21:03:19', '2018-06-29 21:03:19'),
(249, 'https://lorempixel.com/250/250/?61331', 0, 50, '2018-06-29 21:03:19', '2018-06-29 21:03:19'),
(250, 'https://lorempixel.com/250/250/?62309', 0, 50, '2018-06-29 21:03:19', '2018-06-29 21:03:19'),
(251, 'https://lorempixel.com/250/250/?45363', 0, 51, '2018-06-29 21:03:19', '2018-06-29 21:03:19'),
(252, 'https://lorempixel.com/250/250/?62192', 0, 51, '2018-06-29 21:03:19', '2018-06-29 21:03:19'),
(253, 'https://lorempixel.com/250/250/?87204', 0, 51, '2018-06-29 21:03:19', '2018-06-29 21:03:19'),
(254, 'https://lorempixel.com/250/250/?97373', 0, 51, '2018-06-29 21:03:19', '2018-06-29 21:03:19'),
(255, 'https://lorempixel.com/250/250/?67828', 0, 51, '2018-06-29 21:03:19', '2018-06-29 21:03:19'),
(256, 'https://lorempixel.com/250/250/?18276', 0, 52, '2018-06-29 21:03:19', '2018-06-29 21:03:19'),
(257, 'https://lorempixel.com/250/250/?65542', 0, 52, '2018-06-29 21:03:19', '2018-06-29 21:03:19'),
(258, 'https://lorempixel.com/250/250/?77595', 0, 52, '2018-06-29 21:03:19', '2018-06-29 21:03:19'),
(259, 'https://lorempixel.com/250/250/?31363', 0, 52, '2018-06-29 21:03:19', '2018-06-29 21:03:19'),
(260, 'https://lorempixel.com/250/250/?86500', 0, 52, '2018-06-29 21:03:19', '2018-06-29 21:03:19'),
(261, 'https://lorempixel.com/250/250/?71704', 0, 53, '2018-06-29 21:03:19', '2018-06-29 21:03:19'),
(262, 'https://lorempixel.com/250/250/?34075', 0, 53, '2018-06-29 21:03:19', '2018-06-29 21:03:19'),
(263, 'https://lorempixel.com/250/250/?68205', 0, 53, '2018-06-29 21:03:19', '2018-06-29 21:03:19'),
(264, 'https://lorempixel.com/250/250/?48548', 0, 53, '2018-06-29 21:03:19', '2018-06-29 21:03:19'),
(265, 'https://lorempixel.com/250/250/?56531', 0, 53, '2018-06-29 21:03:19', '2018-06-29 21:03:19'),
(266, 'https://lorempixel.com/250/250/?55753', 0, 54, '2018-06-29 21:03:19', '2018-06-29 21:03:19'),
(267, 'https://lorempixel.com/250/250/?95422', 0, 54, '2018-06-29 21:03:19', '2018-06-29 21:03:19'),
(268, 'https://lorempixel.com/250/250/?84899', 0, 54, '2018-06-29 21:03:19', '2018-06-29 21:03:19'),
(269, 'https://lorempixel.com/250/250/?94500', 0, 54, '2018-06-29 21:03:19', '2018-06-29 21:03:19'),
(270, 'https://lorempixel.com/250/250/?53709', 0, 54, '2018-06-29 21:03:19', '2018-06-29 21:03:19'),
(271, 'https://lorempixel.com/250/250/?69739', 0, 55, '2018-06-29 21:03:19', '2018-06-29 21:03:19'),
(272, 'https://lorempixel.com/250/250/?52840', 0, 55, '2018-06-29 21:03:19', '2018-06-29 21:03:19'),
(273, 'https://lorempixel.com/250/250/?44855', 0, 55, '2018-06-29 21:03:19', '2018-06-29 21:03:19'),
(274, 'https://lorempixel.com/250/250/?85898', 0, 55, '2018-06-29 21:03:19', '2018-06-29 21:03:19'),
(275, 'https://lorempixel.com/250/250/?60435', 0, 55, '2018-06-29 21:03:19', '2018-06-29 21:03:19'),
(276, 'https://lorempixel.com/250/250/?89645', 0, 56, '2018-06-29 21:03:19', '2018-06-29 21:03:19'),
(277, 'https://lorempixel.com/250/250/?96237', 0, 56, '2018-06-29 21:03:19', '2018-06-29 21:03:19'),
(278, 'https://lorempixel.com/250/250/?32873', 0, 56, '2018-06-29 21:03:19', '2018-06-29 21:03:19'),
(279, 'https://lorempixel.com/250/250/?57980', 0, 56, '2018-06-29 21:03:19', '2018-06-29 21:03:19'),
(280, 'https://lorempixel.com/250/250/?82720', 0, 56, '2018-06-29 21:03:19', '2018-06-29 21:03:19'),
(281, 'https://lorempixel.com/250/250/?12135', 0, 57, '2018-06-29 21:03:19', '2018-06-29 21:03:19'),
(282, 'https://lorempixel.com/250/250/?17539', 0, 57, '2018-06-29 21:03:19', '2018-06-29 21:03:19'),
(283, 'https://lorempixel.com/250/250/?22956', 0, 57, '2018-06-29 21:03:19', '2018-06-29 21:03:19'),
(284, 'https://lorempixel.com/250/250/?48018', 0, 57, '2018-06-29 21:03:19', '2018-06-29 21:03:19'),
(285, 'https://lorempixel.com/250/250/?32160', 0, 57, '2018-06-29 21:03:19', '2018-06-29 21:03:19'),
(286, 'https://lorempixel.com/250/250/?63516', 0, 58, '2018-06-29 21:03:19', '2018-06-29 21:03:19'),
(287, 'https://lorempixel.com/250/250/?49758', 0, 58, '2018-06-29 21:03:19', '2018-06-29 21:03:19'),
(288, 'https://lorempixel.com/250/250/?70843', 0, 58, '2018-06-29 21:03:19', '2018-06-29 21:03:19'),
(289, 'https://lorempixel.com/250/250/?23969', 0, 58, '2018-06-29 21:03:19', '2018-06-29 21:03:19'),
(290, 'https://lorempixel.com/250/250/?93992', 0, 58, '2018-06-29 21:03:19', '2018-06-29 21:03:19'),
(291, 'https://lorempixel.com/250/250/?63134', 0, 59, '2018-06-29 21:03:19', '2018-06-29 21:03:19'),
(292, 'https://lorempixel.com/250/250/?17049', 0, 59, '2018-06-29 21:03:19', '2018-06-29 21:03:19'),
(293, 'https://lorempixel.com/250/250/?11358', 0, 59, '2018-06-29 21:03:19', '2018-06-29 21:03:19'),
(294, 'https://lorempixel.com/250/250/?62017', 0, 59, '2018-06-29 21:03:19', '2018-06-29 21:03:19'),
(295, 'https://lorempixel.com/250/250/?46995', 0, 59, '2018-06-29 21:03:19', '2018-06-29 21:03:19'),
(296, 'https://lorempixel.com/250/250/?54826', 0, 60, '2018-06-29 21:03:19', '2018-06-29 21:03:19'),
(297, 'https://lorempixel.com/250/250/?67885', 0, 60, '2018-06-29 21:03:19', '2018-06-29 21:03:19'),
(298, 'https://lorempixel.com/250/250/?96517', 0, 60, '2018-06-29 21:03:19', '2018-06-29 21:03:19'),
(299, 'https://lorempixel.com/250/250/?97889', 0, 60, '2018-06-29 21:03:19', '2018-06-29 21:03:19'),
(300, 'https://lorempixel.com/250/250/?18256', 0, 60, '2018-06-29 21:03:19', '2018-06-29 21:03:19'),
(301, 'https://lorempixel.com/250/250/?19398', 0, 61, '2018-06-29 21:03:19', '2018-06-29 21:03:19'),
(302, 'https://lorempixel.com/250/250/?76136', 0, 61, '2018-06-29 21:03:19', '2018-06-29 21:03:19'),
(303, 'https://lorempixel.com/250/250/?14421', 0, 61, '2018-06-29 21:03:19', '2018-06-29 21:03:19'),
(304, 'https://lorempixel.com/250/250/?81855', 0, 61, '2018-06-29 21:03:19', '2018-06-29 21:03:19'),
(305, 'https://lorempixel.com/250/250/?42527', 0, 61, '2018-06-29 21:03:19', '2018-06-29 21:03:19'),
(306, 'https://lorempixel.com/250/250/?19421', 0, 62, '2018-06-29 21:03:19', '2018-06-29 21:03:19'),
(307, 'https://lorempixel.com/250/250/?66600', 0, 62, '2018-06-29 21:03:19', '2018-06-29 21:03:19'),
(308, 'https://lorempixel.com/250/250/?84953', 0, 62, '2018-06-29 21:03:19', '2018-06-29 21:03:19'),
(309, 'https://lorempixel.com/250/250/?47089', 0, 62, '2018-06-29 21:03:19', '2018-06-29 21:03:19'),
(310, 'https://lorempixel.com/250/250/?82535', 0, 62, '2018-06-29 21:03:19', '2018-06-29 21:03:19'),
(311, 'https://lorempixel.com/250/250/?64093', 0, 63, '2018-06-29 21:03:19', '2018-06-29 21:03:19'),
(312, 'https://lorempixel.com/250/250/?86636', 0, 63, '2018-06-29 21:03:19', '2018-06-29 21:03:19'),
(313, 'https://lorempixel.com/250/250/?83799', 0, 63, '2018-06-29 21:03:19', '2018-06-29 21:03:19'),
(314, 'https://lorempixel.com/250/250/?53315', 0, 63, '2018-06-29 21:03:19', '2018-06-29 21:03:19'),
(315, 'https://lorempixel.com/250/250/?22030', 0, 63, '2018-06-29 21:03:19', '2018-06-29 21:03:19'),
(316, 'https://lorempixel.com/250/250/?92270', 0, 64, '2018-06-29 21:03:19', '2018-06-29 21:03:19'),
(317, 'https://lorempixel.com/250/250/?80877', 0, 64, '2018-06-29 21:03:19', '2018-06-29 21:03:19'),
(318, 'https://lorempixel.com/250/250/?97989', 0, 64, '2018-06-29 21:03:19', '2018-06-29 21:03:19'),
(319, 'https://lorempixel.com/250/250/?26672', 0, 64, '2018-06-29 21:03:19', '2018-06-29 21:03:19'),
(320, 'https://lorempixel.com/250/250/?70621', 0, 64, '2018-06-29 21:03:19', '2018-06-29 21:03:19'),
(321, 'https://lorempixel.com/250/250/?24495', 0, 65, '2018-06-29 21:03:19', '2018-06-29 21:03:19'),
(322, 'https://lorempixel.com/250/250/?26885', 0, 65, '2018-06-29 21:03:19', '2018-06-29 21:03:19'),
(323, 'https://lorempixel.com/250/250/?80475', 0, 65, '2018-06-29 21:03:19', '2018-06-29 21:03:19'),
(324, 'https://lorempixel.com/250/250/?95615', 0, 65, '2018-06-29 21:03:19', '2018-06-29 21:03:19'),
(325, 'https://lorempixel.com/250/250/?68246', 0, 65, '2018-06-29 21:03:19', '2018-06-29 21:03:19'),
(326, 'https://lorempixel.com/250/250/?93660', 0, 66, '2018-06-29 21:03:19', '2018-06-29 21:03:19'),
(327, 'https://lorempixel.com/250/250/?93804', 0, 66, '2018-06-29 21:03:19', '2018-06-29 21:03:19'),
(328, 'https://lorempixel.com/250/250/?17191', 0, 66, '2018-06-29 21:03:19', '2018-06-29 21:03:19'),
(329, 'https://lorempixel.com/250/250/?25631', 0, 66, '2018-06-29 21:03:19', '2018-06-29 21:03:19'),
(330, 'https://lorempixel.com/250/250/?10004', 0, 66, '2018-06-29 21:03:19', '2018-06-29 21:03:19'),
(331, 'https://lorempixel.com/250/250/?80637', 0, 67, '2018-06-29 21:03:19', '2018-06-29 21:03:19'),
(332, 'https://lorempixel.com/250/250/?59244', 0, 67, '2018-06-29 21:03:19', '2018-06-29 21:03:19'),
(333, 'https://lorempixel.com/250/250/?53960', 0, 67, '2018-06-29 21:03:19', '2018-06-29 21:03:19'),
(334, 'https://lorempixel.com/250/250/?85292', 0, 67, '2018-06-29 21:03:19', '2018-06-29 21:03:19'),
(335, 'https://lorempixel.com/250/250/?60170', 0, 67, '2018-06-29 21:03:19', '2018-06-29 21:03:19'),
(336, 'https://lorempixel.com/250/250/?63113', 0, 68, '2018-06-29 21:03:19', '2018-06-29 21:03:19'),
(337, 'https://lorempixel.com/250/250/?10879', 0, 68, '2018-06-29 21:03:19', '2018-06-29 21:03:19'),
(338, 'https://lorempixel.com/250/250/?62443', 0, 68, '2018-06-29 21:03:19', '2018-06-29 21:03:19'),
(339, 'https://lorempixel.com/250/250/?28570', 0, 68, '2018-06-29 21:03:19', '2018-06-29 21:03:19'),
(340, 'https://lorempixel.com/250/250/?73352', 0, 68, '2018-06-29 21:03:19', '2018-06-29 21:03:19'),
(341, 'https://lorempixel.com/250/250/?92585', 0, 69, '2018-06-29 21:03:19', '2018-06-29 21:03:19'),
(342, 'https://lorempixel.com/250/250/?39360', 0, 69, '2018-06-29 21:03:19', '2018-06-29 21:03:19'),
(343, 'https://lorempixel.com/250/250/?65590', 0, 69, '2018-06-29 21:03:19', '2018-06-29 21:03:19'),
(344, 'https://lorempixel.com/250/250/?95663', 0, 69, '2018-06-29 21:03:19', '2018-06-29 21:03:19'),
(345, 'https://lorempixel.com/250/250/?57599', 0, 69, '2018-06-29 21:03:19', '2018-06-29 21:03:19'),
(346, 'https://lorempixel.com/250/250/?60322', 0, 70, '2018-06-29 21:03:19', '2018-06-29 21:03:19'),
(347, 'https://lorempixel.com/250/250/?35441', 0, 70, '2018-06-29 21:03:19', '2018-06-29 21:03:19'),
(348, 'https://lorempixel.com/250/250/?88605', 0, 70, '2018-06-29 21:03:19', '2018-06-29 21:03:19'),
(349, 'https://lorempixel.com/250/250/?58798', 0, 70, '2018-06-29 21:03:19', '2018-06-29 21:03:19'),
(350, 'https://lorempixel.com/250/250/?47672', 0, 70, '2018-06-29 21:03:19', '2018-06-29 21:03:19'),
(351, 'https://lorempixel.com/250/250/?63868', 0, 71, '2018-06-29 21:03:19', '2018-06-29 21:03:19'),
(352, 'https://lorempixel.com/250/250/?21018', 0, 71, '2018-06-29 21:03:19', '2018-06-29 21:03:19'),
(353, 'https://lorempixel.com/250/250/?67160', 0, 71, '2018-06-29 21:03:19', '2018-06-29 21:03:19'),
(354, 'https://lorempixel.com/250/250/?98887', 0, 71, '2018-06-29 21:03:19', '2018-06-29 21:03:19'),
(355, 'https://lorempixel.com/250/250/?46039', 0, 71, '2018-06-29 21:03:19', '2018-06-29 21:03:19'),
(356, 'https://lorempixel.com/250/250/?99290', 0, 72, '2018-06-29 21:03:19', '2018-06-29 21:03:19'),
(357, 'https://lorempixel.com/250/250/?52667', 0, 72, '2018-06-29 21:03:19', '2018-06-29 21:03:19'),
(358, 'https://lorempixel.com/250/250/?29264', 0, 72, '2018-06-29 21:03:19', '2018-06-29 21:03:19'),
(359, 'https://lorempixel.com/250/250/?19272', 0, 72, '2018-06-29 21:03:19', '2018-06-29 21:03:19'),
(360, 'https://lorempixel.com/250/250/?10697', 0, 72, '2018-06-29 21:03:19', '2018-06-29 21:03:19'),
(361, 'https://lorempixel.com/250/250/?11515', 0, 73, '2018-06-29 21:03:19', '2018-06-29 21:03:19'),
(362, 'https://lorempixel.com/250/250/?55947', 0, 73, '2018-06-29 21:03:19', '2018-06-29 21:03:19'),
(363, 'https://lorempixel.com/250/250/?95361', 0, 73, '2018-06-29 21:03:19', '2018-06-29 21:03:19'),
(364, 'https://lorempixel.com/250/250/?65713', 0, 73, '2018-06-29 21:03:19', '2018-06-29 21:03:19'),
(365, 'https://lorempixel.com/250/250/?79681', 0, 73, '2018-06-29 21:03:19', '2018-06-29 21:03:19'),
(366, 'https://lorempixel.com/250/250/?98863', 0, 74, '2018-06-29 21:03:19', '2018-06-29 21:03:19'),
(367, 'https://lorempixel.com/250/250/?92653', 0, 74, '2018-06-29 21:03:19', '2018-06-29 21:03:19'),
(368, 'https://lorempixel.com/250/250/?43373', 0, 74, '2018-06-29 21:03:19', '2018-06-29 21:03:19'),
(369, 'https://lorempixel.com/250/250/?52807', 0, 74, '2018-06-29 21:03:19', '2018-06-29 21:03:19'),
(370, 'https://lorempixel.com/250/250/?34873', 0, 74, '2018-06-29 21:03:19', '2018-06-29 21:03:19'),
(371, 'https://lorempixel.com/250/250/?20874', 0, 75, '2018-06-29 21:03:19', '2018-06-29 21:03:19'),
(372, 'https://lorempixel.com/250/250/?38761', 0, 75, '2018-06-29 21:03:19', '2018-06-29 21:03:19'),
(373, 'https://lorempixel.com/250/250/?95724', 0, 75, '2018-06-29 21:03:19', '2018-06-29 21:03:19'),
(374, 'https://lorempixel.com/250/250/?61327', 0, 75, '2018-06-29 21:03:19', '2018-06-29 21:03:19'),
(375, 'https://lorempixel.com/250/250/?48308', 0, 75, '2018-06-29 21:03:19', '2018-06-29 21:03:19'),
(376, 'https://lorempixel.com/250/250/?29410', 0, 76, '2018-06-29 21:03:19', '2018-06-29 21:03:19'),
(377, 'https://lorempixel.com/250/250/?49695', 0, 76, '2018-06-29 21:03:19', '2018-06-29 21:03:19'),
(378, 'https://lorempixel.com/250/250/?30674', 0, 76, '2018-06-29 21:03:19', '2018-06-29 21:03:19'),
(379, 'https://lorempixel.com/250/250/?40784', 0, 76, '2018-06-29 21:03:19', '2018-06-29 21:03:19'),
(380, 'https://lorempixel.com/250/250/?38760', 0, 76, '2018-06-29 21:03:19', '2018-06-29 21:03:19'),
(381, 'https://lorempixel.com/250/250/?98945', 0, 77, '2018-06-29 21:03:19', '2018-06-29 21:03:19'),
(382, 'https://lorempixel.com/250/250/?73061', 0, 77, '2018-06-29 21:03:19', '2018-06-29 21:03:19'),
(383, 'https://lorempixel.com/250/250/?24010', 0, 77, '2018-06-29 21:03:19', '2018-06-29 21:03:19'),
(384, 'https://lorempixel.com/250/250/?20626', 0, 77, '2018-06-29 21:03:19', '2018-06-29 21:03:19'),
(385, 'https://lorempixel.com/250/250/?78466', 0, 77, '2018-06-29 21:03:19', '2018-06-29 21:03:19'),
(386, 'https://lorempixel.com/250/250/?33987', 0, 78, '2018-06-29 21:03:19', '2018-06-29 21:03:19'),
(387, 'https://lorempixel.com/250/250/?48364', 0, 78, '2018-06-29 21:03:19', '2018-06-29 21:03:19'),
(388, 'https://lorempixel.com/250/250/?29662', 0, 78, '2018-06-29 21:03:19', '2018-06-29 21:03:19'),
(389, 'https://lorempixel.com/250/250/?17096', 0, 78, '2018-06-29 21:03:19', '2018-06-29 21:03:19'),
(390, 'https://lorempixel.com/250/250/?31830', 0, 78, '2018-06-29 21:03:19', '2018-06-29 21:03:19'),
(391, 'https://lorempixel.com/250/250/?39967', 0, 79, '2018-06-29 21:03:19', '2018-06-29 21:03:19'),
(392, 'https://lorempixel.com/250/250/?68147', 0, 79, '2018-06-29 21:03:19', '2018-06-29 21:03:19'),
(393, 'https://lorempixel.com/250/250/?32699', 0, 79, '2018-06-29 21:03:19', '2018-06-29 21:03:19'),
(394, 'https://lorempixel.com/250/250/?40749', 0, 79, '2018-06-29 21:03:19', '2018-06-29 21:03:19'),
(395, 'https://lorempixel.com/250/250/?23531', 0, 79, '2018-06-29 21:03:19', '2018-06-29 21:03:19'),
(396, 'https://lorempixel.com/250/250/?46395', 0, 80, '2018-06-29 21:03:19', '2018-06-29 21:03:19'),
(397, 'https://lorempixel.com/250/250/?47144', 0, 80, '2018-06-29 21:03:19', '2018-06-29 21:03:19'),
(398, 'https://lorempixel.com/250/250/?65988', 0, 80, '2018-06-29 21:03:19', '2018-06-29 21:03:19'),
(399, 'https://lorempixel.com/250/250/?79434', 0, 80, '2018-06-29 21:03:19', '2018-06-29 21:03:19'),
(400, 'https://lorempixel.com/250/250/?45481', 0, 80, '2018-06-29 21:03:19', '2018-06-29 21:03:19'),
(401, 'https://lorempixel.com/250/250/?58618', 0, 81, '2018-06-29 21:03:19', '2018-06-29 21:03:19'),
(402, 'https://lorempixel.com/250/250/?98718', 0, 81, '2018-06-29 21:03:19', '2018-06-29 21:03:19'),
(403, 'https://lorempixel.com/250/250/?93686', 0, 81, '2018-06-29 21:03:19', '2018-06-29 21:03:19'),
(404, 'https://lorempixel.com/250/250/?63161', 0, 81, '2018-06-29 21:03:19', '2018-06-29 21:03:19'),
(405, 'https://lorempixel.com/250/250/?20585', 0, 81, '2018-06-29 21:03:19', '2018-06-29 21:03:19'),
(406, 'https://lorempixel.com/250/250/?32459', 0, 82, '2018-06-29 21:03:19', '2018-06-29 21:03:19'),
(407, 'https://lorempixel.com/250/250/?31713', 0, 82, '2018-06-29 21:03:19', '2018-06-29 21:03:19'),
(408, 'https://lorempixel.com/250/250/?18819', 0, 82, '2018-06-29 21:03:19', '2018-06-29 21:03:19'),
(409, 'https://lorempixel.com/250/250/?46578', 0, 82, '2018-06-29 21:03:19', '2018-06-29 21:03:19'),
(410, 'https://lorempixel.com/250/250/?28404', 0, 82, '2018-06-29 21:03:20', '2018-06-29 21:03:20'),
(411, 'https://lorempixel.com/250/250/?42017', 0, 83, '2018-06-29 21:03:20', '2018-06-29 21:03:20'),
(412, 'https://lorempixel.com/250/250/?33194', 0, 83, '2018-06-29 21:03:20', '2018-06-29 21:03:20'),
(413, 'https://lorempixel.com/250/250/?67289', 0, 83, '2018-06-29 21:03:20', '2018-06-29 21:03:20'),
(414, 'https://lorempixel.com/250/250/?91383', 0, 83, '2018-06-29 21:03:20', '2018-06-29 21:03:20'),
(415, 'https://lorempixel.com/250/250/?54555', 0, 83, '2018-06-29 21:03:20', '2018-06-29 21:03:20'),
(416, 'https://lorempixel.com/250/250/?98733', 0, 84, '2018-06-29 21:03:20', '2018-06-29 21:03:20'),
(417, 'https://lorempixel.com/250/250/?99389', 0, 84, '2018-06-29 21:03:20', '2018-06-29 21:03:20'),
(418, 'https://lorempixel.com/250/250/?64256', 0, 84, '2018-06-29 21:03:20', '2018-06-29 21:03:20'),
(419, 'https://lorempixel.com/250/250/?68760', 0, 84, '2018-06-29 21:03:20', '2018-06-29 21:03:20'),
(420, 'https://lorempixel.com/250/250/?51215', 0, 84, '2018-06-29 21:03:20', '2018-06-29 21:03:20'),
(421, 'https://lorempixel.com/250/250/?41452', 0, 85, '2018-06-29 21:03:20', '2018-06-29 21:03:20'),
(422, 'https://lorempixel.com/250/250/?88913', 0, 85, '2018-06-29 21:03:20', '2018-06-29 21:03:20'),
(423, 'https://lorempixel.com/250/250/?49857', 0, 85, '2018-06-29 21:03:20', '2018-06-29 21:03:20'),
(424, 'https://lorempixel.com/250/250/?47055', 0, 85, '2018-06-29 21:03:20', '2018-06-29 21:03:20'),
(425, 'https://lorempixel.com/250/250/?22553', 0, 85, '2018-06-29 21:03:20', '2018-06-29 21:03:20'),
(426, 'https://lorempixel.com/250/250/?55732', 0, 86, '2018-06-29 21:03:20', '2018-06-29 21:03:20'),
(427, 'https://lorempixel.com/250/250/?33155', 0, 86, '2018-06-29 21:03:20', '2018-06-29 21:03:20'),
(428, 'https://lorempixel.com/250/250/?69663', 0, 86, '2018-06-29 21:03:20', '2018-06-29 21:03:20'),
(429, 'https://lorempixel.com/250/250/?55694', 0, 86, '2018-06-29 21:03:20', '2018-06-29 21:03:20'),
(430, 'https://lorempixel.com/250/250/?76840', 0, 86, '2018-06-29 21:03:20', '2018-06-29 21:03:20'),
(431, 'https://lorempixel.com/250/250/?56451', 0, 87, '2018-06-29 21:03:20', '2018-06-29 21:03:20'),
(432, 'https://lorempixel.com/250/250/?85867', 0, 87, '2018-06-29 21:03:20', '2018-06-29 21:03:20'),
(433, 'https://lorempixel.com/250/250/?99313', 0, 87, '2018-06-29 21:03:20', '2018-06-29 21:03:20'),
(434, 'https://lorempixel.com/250/250/?69573', 0, 87, '2018-06-29 21:03:20', '2018-06-29 21:03:20'),
(435, 'https://lorempixel.com/250/250/?86345', 0, 87, '2018-06-29 21:03:20', '2018-06-29 21:03:20'),
(436, 'https://lorempixel.com/250/250/?87062', 0, 88, '2018-06-29 21:03:20', '2018-06-29 21:03:20'),
(437, 'https://lorempixel.com/250/250/?44007', 0, 88, '2018-06-29 21:03:20', '2018-06-29 21:03:20'),
(438, 'https://lorempixel.com/250/250/?94933', 0, 88, '2018-06-29 21:03:20', '2018-06-29 21:03:20'),
(439, 'https://lorempixel.com/250/250/?54574', 0, 88, '2018-06-29 21:03:20', '2018-06-29 21:03:20'),
(440, 'https://lorempixel.com/250/250/?41749', 0, 88, '2018-06-29 21:03:20', '2018-06-29 21:03:20'),
(441, 'https://lorempixel.com/250/250/?27642', 0, 89, '2018-06-29 21:03:20', '2018-06-29 21:03:20'),
(442, 'https://lorempixel.com/250/250/?96538', 0, 89, '2018-06-29 21:03:20', '2018-06-29 21:03:20'),
(443, 'https://lorempixel.com/250/250/?29585', 0, 89, '2018-06-29 21:03:20', '2018-06-29 21:03:20'),
(444, 'https://lorempixel.com/250/250/?72723', 0, 89, '2018-06-29 21:03:20', '2018-06-29 21:03:20'),
(445, 'https://lorempixel.com/250/250/?28863', 0, 89, '2018-06-29 21:03:20', '2018-06-29 21:03:20'),
(446, 'https://lorempixel.com/250/250/?59969', 0, 90, '2018-06-29 21:03:20', '2018-06-29 21:03:20'),
(447, 'https://lorempixel.com/250/250/?88675', 0, 90, '2018-06-29 21:03:20', '2018-06-29 21:03:20'),
(448, 'https://lorempixel.com/250/250/?68238', 0, 90, '2018-06-29 21:03:20', '2018-06-29 21:03:20'),
(449, 'https://lorempixel.com/250/250/?20270', 0, 90, '2018-06-29 21:03:20', '2018-06-29 21:03:20'),
(450, 'https://lorempixel.com/250/250/?23424', 0, 90, '2018-06-29 21:03:20', '2018-06-29 21:03:20'),
(451, 'https://lorempixel.com/250/250/?78407', 0, 91, '2018-06-29 21:03:20', '2018-06-29 21:03:20'),
(452, 'https://lorempixel.com/250/250/?50775', 0, 91, '2018-06-29 21:03:20', '2018-06-29 21:03:20'),
(453, 'https://lorempixel.com/250/250/?60998', 0, 91, '2018-06-29 21:03:20', '2018-06-29 21:03:20'),
(454, 'https://lorempixel.com/250/250/?58357', 0, 91, '2018-06-29 21:03:20', '2018-06-29 21:03:20'),
(455, 'https://lorempixel.com/250/250/?20487', 0, 91, '2018-06-29 21:03:20', '2018-06-29 21:03:20'),
(456, 'https://lorempixel.com/250/250/?61370', 0, 92, '2018-06-29 21:03:20', '2018-06-29 21:03:20'),
(457, 'https://lorempixel.com/250/250/?21191', 0, 92, '2018-06-29 21:03:20', '2018-06-29 21:03:20'),
(458, 'https://lorempixel.com/250/250/?28611', 0, 92, '2018-06-29 21:03:20', '2018-06-29 21:03:20'),
(459, 'https://lorempixel.com/250/250/?38882', 0, 92, '2018-06-29 21:03:20', '2018-06-29 21:03:20'),
(460, 'https://lorempixel.com/250/250/?35268', 0, 92, '2018-06-29 21:03:20', '2018-06-29 21:03:20'),
(461, 'https://lorempixel.com/250/250/?82502', 0, 93, '2018-06-29 21:03:20', '2018-06-29 21:03:20'),
(462, 'https://lorempixel.com/250/250/?10810', 0, 93, '2018-06-29 21:03:20', '2018-06-29 21:03:20'),
(463, 'https://lorempixel.com/250/250/?25982', 0, 93, '2018-06-29 21:03:20', '2018-06-29 21:03:20'),
(464, 'https://lorempixel.com/250/250/?91418', 0, 93, '2018-06-29 21:03:20', '2018-06-29 21:03:20'),
(465, 'https://lorempixel.com/250/250/?63329', 0, 93, '2018-06-29 21:03:20', '2018-06-29 21:03:20'),
(466, 'https://lorempixel.com/250/250/?38657', 0, 94, '2018-06-29 21:03:20', '2018-06-29 21:03:20'),
(467, 'https://lorempixel.com/250/250/?19682', 0, 94, '2018-06-29 21:03:20', '2018-06-29 21:03:20'),
(468, 'https://lorempixel.com/250/250/?55424', 0, 94, '2018-06-29 21:03:20', '2018-06-29 21:03:20'),
(469, 'https://lorempixel.com/250/250/?92940', 0, 94, '2018-06-29 21:03:20', '2018-06-29 21:03:20'),
(470, 'https://lorempixel.com/250/250/?43775', 0, 94, '2018-06-29 21:03:20', '2018-06-29 21:03:20'),
(471, 'https://lorempixel.com/250/250/?78891', 0, 95, '2018-06-29 21:03:20', '2018-06-29 21:03:20'),
(472, 'https://lorempixel.com/250/250/?84695', 0, 95, '2018-06-29 21:03:20', '2018-06-29 21:03:20'),
(473, 'https://lorempixel.com/250/250/?34758', 0, 95, '2018-06-29 21:03:20', '2018-06-29 21:03:20'),
(474, 'https://lorempixel.com/250/250/?29360', 0, 95, '2018-06-29 21:03:20', '2018-06-29 21:03:20'),
(475, 'https://lorempixel.com/250/250/?80443', 0, 95, '2018-06-29 21:03:20', '2018-06-29 21:03:20'),
(476, 'https://lorempixel.com/250/250/?41457', 0, 96, '2018-06-29 21:03:20', '2018-06-29 21:03:20'),
(477, 'https://lorempixel.com/250/250/?69393', 0, 96, '2018-06-29 21:03:20', '2018-06-29 21:03:20'),
(478, 'https://lorempixel.com/250/250/?47566', 0, 96, '2018-06-29 21:03:20', '2018-06-29 21:03:20'),
(479, 'https://lorempixel.com/250/250/?69174', 0, 96, '2018-06-29 21:03:20', '2018-06-29 21:03:20'),
(480, 'https://lorempixel.com/250/250/?11495', 0, 96, '2018-06-29 21:03:20', '2018-06-29 21:03:20'),
(481, 'https://lorempixel.com/250/250/?32149', 0, 97, '2018-06-29 21:03:20', '2018-06-29 21:03:20'),
(482, 'https://lorempixel.com/250/250/?71067', 0, 97, '2018-06-29 21:03:20', '2018-06-29 21:03:20'),
(483, 'https://lorempixel.com/250/250/?27235', 0, 97, '2018-06-29 21:03:20', '2018-06-29 21:03:20'),
(484, 'https://lorempixel.com/250/250/?73618', 0, 97, '2018-06-29 21:03:20', '2018-06-29 21:03:20'),
(485, 'https://lorempixel.com/250/250/?49252', 0, 97, '2018-06-29 21:03:20', '2018-06-29 21:03:20'),
(486, 'https://lorempixel.com/250/250/?53880', 0, 98, '2018-06-29 21:03:20', '2018-06-29 21:03:20'),
(487, 'https://lorempixel.com/250/250/?57597', 0, 98, '2018-06-29 21:03:20', '2018-06-29 21:03:20'),
(488, 'https://lorempixel.com/250/250/?33836', 0, 98, '2018-06-29 21:03:20', '2018-06-29 21:03:20'),
(489, 'https://lorempixel.com/250/250/?51634', 0, 98, '2018-06-29 21:03:20', '2018-06-29 21:03:20'),
(490, 'https://lorempixel.com/250/250/?57940', 0, 98, '2018-06-29 21:03:20', '2018-06-29 21:03:20'),
(491, 'https://lorempixel.com/250/250/?39552', 0, 99, '2018-06-29 21:03:20', '2018-06-29 21:03:20'),
(492, 'https://lorempixel.com/250/250/?66954', 0, 99, '2018-06-29 21:03:20', '2018-06-29 21:03:20'),
(493, 'https://lorempixel.com/250/250/?40445', 0, 99, '2018-06-29 21:03:20', '2018-06-29 21:03:20'),
(494, 'https://lorempixel.com/250/250/?52104', 0, 99, '2018-06-29 21:03:20', '2018-06-29 21:03:20'),
(495, 'https://lorempixel.com/250/250/?58808', 0, 99, '2018-06-29 21:03:20', '2018-06-29 21:03:20'),
(496, 'https://lorempixel.com/250/250/?98681', 0, 100, '2018-06-29 21:03:20', '2018-06-29 21:03:20'),
(497, 'https://lorempixel.com/250/250/?86208', 0, 100, '2018-06-29 21:03:20', '2018-06-29 21:03:20'),
(498, 'https://lorempixel.com/250/250/?60115', 0, 100, '2018-06-29 21:03:20', '2018-06-29 21:03:20'),
(499, 'https://lorempixel.com/250/250/?13037', 0, 100, '2018-06-29 21:03:20', '2018-06-29 21:03:20'),
(500, 'https://lorempixel.com/250/250/?59322', 0, 100, '2018-06-29 21:03:20', '2018-06-29 21:03:20');

-- --------------------------------------------------------

--
-- Estructura de tabla para la tabla `users`
--

CREATE TABLE `users` (
  `id` int(10) UNSIGNED NOT NULL,
  `name` varchar(191) COLLATE utf8mb4_unicode_ci NOT NULL,
  `email` varchar(191) COLLATE utf8mb4_unicode_ci NOT NULL,
  `password` varchar(191) COLLATE utf8mb4_unicode_ci NOT NULL,
  `admin` tinyint(1) NOT NULL DEFAULT '0',
  `remember_token` varchar(100) COLLATE utf8mb4_unicode_ci DEFAULT NULL,
  `created_at` timestamp NULL DEFAULT NULL,
  `updated_at` timestamp NULL DEFAULT NULL
) ENGINE=InnoDB DEFAULT CHARSET=utf8mb4 COLLATE=utf8mb4_unicode_ci;

--
-- Volcado de datos para la tabla `users`
--

INSERT INTO `users` (`id`, `name`, `email`, `password`, `admin`, `remember_token`, `created_at`, `updated_at`) VALUES
(1, 'Juan', 'gdf000@hotmail.com', '$2y$10$2SaheiPW7NndrGSOd9oFeep3m1x9T8EGj4vslAnngC2MRStcmNE66', 1, '6Z9cleaXbjIfp2gzYQZH6N0WgfzcwJ1uVPbNk0FLxHmmC1aRNpdYSbLufwhG', '2018-06-29 21:03:18', '2018-06-29 21:03:18'),
(2, 'Pepe', 'pepe@pepe.com', '$2y$10$UgsskIPyOuH7mwomB8BrWeUfFTYzD0yXCTKzIB7E9YPI8ii8P4eSu', 0, 'eIiz3hofu2tc3qJLRkKUtTuasRdQ4PA1LMx1GxFPn9ocihuIDJ9vVM4tGslP', '2018-06-29 21:19:21', '2018-06-29 21:19:21');

--
-- Índices para tablas volcadas
--

--
-- Indices de la tabla `categories`
--
ALTER TABLE `categories`
  ADD PRIMARY KEY (`id`);

--
-- Indices de la tabla `migrations`
--
ALTER TABLE `migrations`
  ADD PRIMARY KEY (`id`);

--
-- Indices de la tabla `password_resets`
--
ALTER TABLE `password_resets`
  ADD KEY `password_resets_email_index` (`email`);

--
-- Indices de la tabla `products`
--
ALTER TABLE `products`
  ADD PRIMARY KEY (`id`),
  ADD KEY `products_category_id_foreign` (`category_id`);

--
-- Indices de la tabla `product_images`
--
ALTER TABLE `product_images`
  ADD PRIMARY KEY (`id`),
  ADD KEY `product_images_product_id_foreign` (`product_id`);

--
-- Indices de la tabla `users`
--
ALTER TABLE `users`
  ADD PRIMARY KEY (`id`),
  ADD UNIQUE KEY `users_email_unique` (`email`);

--
-- AUTO_INCREMENT de las tablas volcadas
--

--
-- AUTO_INCREMENT de la tabla `categories`
--
ALTER TABLE `categories`
  MODIFY `id` int(10) UNSIGNED NOT NULL AUTO_INCREMENT, AUTO_INCREMENT=6;

--
-- AUTO_INCREMENT de la tabla `migrations`
--
ALTER TABLE `migrations`
  MODIFY `id` int(10) UNSIGNED NOT NULL AUTO_INCREMENT, AUTO_INCREMENT=73;

--
-- AUTO_INCREMENT de la tabla `products`
--
ALTER TABLE `products`
  MODIFY `id` int(10) UNSIGNED NOT NULL AUTO_INCREMENT, AUTO_INCREMENT=101;

--
-- AUTO_INCREMENT de la tabla `product_images`
--
ALTER TABLE `product_images`
  MODIFY `id` int(10) UNSIGNED NOT NULL AUTO_INCREMENT, AUTO_INCREMENT=501;

--
-- AUTO_INCREMENT de la tabla `users`
--
ALTER TABLE `users`
  MODIFY `id` int(10) UNSIGNED NOT NULL AUTO_INCREMENT, AUTO_INCREMENT=3;

--
-- Restricciones para tablas volcadas
--

--
-- Filtros para la tabla `products`
--
ALTER TABLE `products`
  ADD CONSTRAINT `products_category_id_foreign` FOREIGN KEY (`category_id`) REFERENCES `categories` (`id`);

--
-- Filtros para la tabla `product_images`
--
ALTER TABLE `product_images`
  ADD CONSTRAINT `product_images_product_id_foreign` FOREIGN KEY (`product_id`) REFERENCES `products` (`id`);
COMMIT;

/*!40101 SET CHARACTER_SET_CLIENT=@OLD_CHARACTER_SET_CLIENT */;
/*!40101 SET CHARACTER_SET_RESULTS=@OLD_CHARACTER_SET_RESULTS */;
/*!40101 SET COLLATION_CONNECTION=@OLD_COLLATION_CONNECTION */;
