-- phpMyAdmin SQL Dump
-- version 4.7.4
-- https://www.phpmyadmin.net/
--
-- Servidor: 127.0.0.1
-- Tiempo de generación: 12-07-2018 a las 00:37:11
-- Versión del servidor: 10.1.30-MariaDB
-- Versión de PHP: 7.0.27

SET SQL_MODE = "NO_AUTO_VALUE_ON_ZERO";
SET AUTOCOMMIT = 0;
START TRANSACTION;
SET time_zone = "+00:00";


/*!40101 SET @OLD_CHARACTER_SET_CLIENT=@@CHARACTER_SET_CLIENT */;
/*!40101 SET @OLD_CHARACTER_SET_RESULTS=@@CHARACTER_SET_RESULTS */;
/*!40101 SET @OLD_COLLATION_CONNECTION=@@COLLATION_CONNECTION */;
/*!40101 SET NAMES utf8mb4 */;

--
-- Base de datos: `tiendalaravel`
--

-- --------------------------------------------------------

--
-- Estructura de tabla para la tabla `carts`
--

CREATE TABLE `carts` (
  `id` int(10) UNSIGNED NOT NULL,
  `order_date` date DEFAULT NULL,
  `arrived_date` date DEFAULT NULL,
  `status` varchar(191) COLLATE utf8mb4_unicode_ci NOT NULL,
  `user_id` int(10) UNSIGNED NOT NULL,
  `created_at` timestamp NULL DEFAULT NULL,
  `updated_at` timestamp NULL DEFAULT NULL
) ENGINE=InnoDB DEFAULT CHARSET=utf8mb4 COLLATE=utf8mb4_unicode_ci;

--
-- Volcado de datos para la tabla `carts`
--

INSERT INTO `carts` (`id`, `order_date`, `arrived_date`, `status`, `user_id`, `created_at`, `updated_at`) VALUES
(1, NULL, NULL, 'pendiente', 1, '2018-07-08 15:52:41', '2018-07-11 12:53:15'),
(2, NULL, NULL, 'active', 2, '2018-07-09 13:10:09', '2018-07-09 13:10:09'),
(3, NULL, NULL, 'pendiente', 1, '2018-07-11 12:53:15', '2018-07-11 12:56:05'),
(4, NULL, NULL, 'active', 1, '2018-07-11 12:56:05', '2018-07-11 12:56:05');

-- --------------------------------------------------------

--
-- Estructura de tabla para la tabla `cart_details`
--

CREATE TABLE `cart_details` (
  `id` int(10) UNSIGNED NOT NULL,
  `quantity` int(11) NOT NULL,
  `discount` int(11) NOT NULL DEFAULT '0',
  `cart_id` int(10) UNSIGNED NOT NULL,
  `product_id` int(10) UNSIGNED NOT NULL,
  `created_at` timestamp NULL DEFAULT NULL,
  `updated_at` timestamp NULL DEFAULT NULL
) ENGINE=InnoDB DEFAULT CHARSET=utf8mb4 COLLATE=utf8mb4_unicode_ci;

--
-- Volcado de datos para la tabla `cart_details`
--

INSERT INTO `cart_details` (`id`, `quantity`, `discount`, `cart_id`, `product_id`, `created_at`, `updated_at`) VALUES
(6, 6, 0, 1, 6, '2018-07-09 13:04:31', '2018-07-09 13:04:31'),
(7, 5, 0, 2, 2, '2018-07-09 13:10:34', '2018-07-09 13:10:34'),
(8, 34, 0, 3, 2, '2018-07-11 12:55:25', '2018-07-11 12:55:25'),
(9, 5, 0, 3, 3, '2018-07-11 12:55:49', '2018-07-11 12:55:49');

-- --------------------------------------------------------

--
-- Estructura de tabla para la tabla `categories`
--

CREATE TABLE `categories` (
  `id` int(10) UNSIGNED NOT NULL,
  `name` varchar(191) COLLATE utf8mb4_unicode_ci NOT NULL,
  `description` varchar(191) COLLATE utf8mb4_unicode_ci DEFAULT NULL,
  `image` varchar(191) COLLATE utf8mb4_unicode_ci DEFAULT NULL,
  `created_at` timestamp NULL DEFAULT NULL,
  `updated_at` timestamp NULL DEFAULT NULL
) ENGINE=InnoDB DEFAULT CHARSET=utf8mb4 COLLATE=utf8mb4_unicode_ci;

--
-- Volcado de datos para la tabla `categories`
--

INSERT INTO `categories` (`id`, `name`, `description`, `image`, `created_at`, `updated_at`) VALUES
(1, 'Sit', 'Hic maiores aut modi porro dolores fugit praesentium nam eaque sit nulla suscipit.', NULL, '2018-07-08 15:50:52', '2018-07-08 15:50:52'),
(2, 'Excepturi', 'Adipisci qui sapiente pariatur commodi ipsa autem quisquam expedita.', NULL, '2018-07-08 15:50:52', '2018-07-08 15:50:52'),
(3, 'Doloribus', 'Ut consequatur laboriosam architecto error placeat porro.', NULL, '2018-07-08 15:50:52', '2018-07-08 15:50:52'),
(4, 'Modi', 'Recusandae ut consequatur accusantium praesentium et expedita sunt quia nulla.', NULL, '2018-07-08 15:50:52', '2018-07-08 15:50:52'),
(5, 'Rerum', 'Quas odit nesciunt pariatur asperiores nisi odit.', NULL, '2018-07-08 15:50:52', '2018-07-08 15:50:52');

-- --------------------------------------------------------

--
-- Estructura de tabla para la tabla `migrations`
--

CREATE TABLE `migrations` (
  `id` int(10) UNSIGNED NOT NULL,
  `migration` varchar(191) COLLATE utf8mb4_unicode_ci NOT NULL,
  `batch` int(11) NOT NULL
) ENGINE=InnoDB DEFAULT CHARSET=utf8mb4 COLLATE=utf8mb4_unicode_ci;

--
-- Volcado de datos para la tabla `migrations`
--

INSERT INTO `migrations` (`id`, `migration`, `batch`) VALUES
(8, '2014_10_12_000000_create_users_table', 1),
(9, '2014_10_12_100000_create_password_resets_table', 1),
(10, '2018_06_14_231300_create_categories_table', 1),
(11, '2018_06_15_222856_create_products_table', 1),
(12, '2018_06_25_233044_create_product_images_table', 1),
(13, '2018_07_05_222722_create_carts_table', 1),
(14, '2018_07_05_222852_create_cart_details_table', 1);

-- --------------------------------------------------------

--
-- Estructura de tabla para la tabla `password_resets`
--

CREATE TABLE `password_resets` (
  `email` varchar(191) COLLATE utf8mb4_unicode_ci NOT NULL,
  `token` varchar(191) COLLATE utf8mb4_unicode_ci NOT NULL,
  `created_at` timestamp NULL DEFAULT NULL
) ENGINE=InnoDB DEFAULT CHARSET=utf8mb4 COLLATE=utf8mb4_unicode_ci;

-- --------------------------------------------------------

--
-- Estructura de tabla para la tabla `products`
--

CREATE TABLE `products` (
  `id` int(10) UNSIGNED NOT NULL,
  `name` varchar(191) COLLATE utf8mb4_unicode_ci NOT NULL,
  `description` varchar(191) COLLATE utf8mb4_unicode_ci NOT NULL,
  `long_description` text COLLATE utf8mb4_unicode_ci,
  `price` double(8,2) NOT NULL,
  `category_id` int(10) UNSIGNED DEFAULT NULL,
  `created_at` timestamp NULL DEFAULT NULL,
  `updated_at` timestamp NULL DEFAULT NULL
) ENGINE=InnoDB DEFAULT CHARSET=utf8mb4 COLLATE=utf8mb4_unicode_ci;

--
-- Volcado de datos para la tabla `products`
--

INSERT INTO `products` (`id`, `name`, `description`, `long_description`, `price`, `category_id`, `created_at`, `updated_at`) VALUES
(1, 'Voluptatem dolores iste voluptas', 'Et quia labore deleniti dicta accusantium nisi exercitationem nihil.', 'Expedita magnam facilis sed vitae odit provident quia. Omnis quia quia ut alias. Fuga possimus illo perferendis. Laboriosam veritatis laudantium autem laudantium aut.', 18.07, 1, '2018-07-08 15:50:52', '2018-07-08 15:50:52'),
(2, 'Est rerum debitis minus', 'Ut omnis sed quo est sit ea autem dignissimos officiis.', 'Deserunt iusto ut dolores repellat et sunt. Nihil voluptatem repellendus cumque quidem. Sunt optio exercitationem magnam consequatur explicabo rerum sunt.', 75.82, 1, '2018-07-08 15:50:52', '2018-07-08 15:50:52'),
(3, 'Soluta quod distinctio et', 'Dolorum numquam non qui nulla non est molestiae animi repellat id molestiae sed in sequi.', 'Maiores architecto laudantium culpa facere nesciunt rem repellendus. Et autem qui unde numquam incidunt dignissimos. Enim itaque nesciunt aliquid recusandae modi quod asperiores.', 142.97, 1, '2018-07-08 15:50:52', '2018-07-08 15:50:52'),
(4, 'Repudiandae accusantium est quia', 'Cumque et vero quam accusantium et reiciendis qui.', 'Temporibus quae consequatur dolores. Et distinctio modi non ex placeat rerum. Nostrum sit non eveniet et labore enim.', 53.52, 1, '2018-07-08 15:50:52', '2018-07-08 15:50:52'),
(5, 'Et hic enim', 'Earum soluta aut repudiandae quas corporis itaque sequi.', 'Harum autem est repellendus iste id provident voluptas. Libero deserunt sint atque vitae placeat nesciunt porro. Et fugit laboriosam dolores dolorem voluptas.', 141.81, 1, '2018-07-08 15:50:52', '2018-07-08 15:50:52'),
(6, 'Molestiae et', 'Itaque quo ad qui non ut id id.', 'Rem non maxime cupiditate tenetur officia aut assumenda. Amet voluptas quasi et aspernatur quos sit. Culpa deserunt assumenda dolor dignissimos veniam eligendi consequuntur aspernatur.', 100.67, 1, '2018-07-08 15:50:52', '2018-07-08 15:50:52'),
(7, 'Voluptatibus reprehenderit est', 'Quibusdam voluptatibus voluptatem nulla illo et ea saepe.', 'Qui autem eveniet tempora ut nulla accusamus sed. Necessitatibus earum voluptas hic maxime odit. Sequi enim porro voluptas at quas dolorum.', 12.23, 1, '2018-07-08 15:50:52', '2018-07-08 15:50:52'),
(8, 'Id et quis qui', 'Consequatur quo quia cum magnam et aut sint ullam aut eaque explicabo.', 'Qui suscipit excepturi similique recusandae necessitatibus quas laborum. Ut sit nesciunt voluptate quos nemo. Cum culpa exercitationem culpa eum fugit.', 24.09, 1, '2018-07-08 15:50:52', '2018-07-08 15:50:52'),
(9, 'Est repudiandae veritatis sapiente', 'Beatae necessitatibus eligendi perferendis incidunt error odit eius sit.', 'At aliquam ad voluptas quibusdam sed omnis. Qui accusamus dignissimos aliquam dignissimos vel consectetur. Cum rerum consectetur dignissimos.', 13.32, 1, '2018-07-08 15:50:52', '2018-07-08 15:50:52'),
(10, 'Tempore veritatis soluta vitae', 'Earum ut ipsum temporibus qui et dolorem nihil animi.', 'Aut esse debitis reiciendis minima. Ratione hic consectetur doloribus nulla sunt placeat vel.', 38.94, 1, '2018-07-08 15:50:52', '2018-07-08 15:50:52'),
(11, 'Quia ipsam repellendus', 'Ea sed aliquam quia consequatur sapiente expedita et praesentium voluptatum rerum eligendi.', 'Harum libero impedit distinctio doloremque architecto laborum. Quod velit sed voluptate numquam deserunt.', 26.99, 1, '2018-07-08 15:50:52', '2018-07-08 15:50:52'),
(12, 'Eaque molestias voluptatum voluptas', 'Exercitationem accusantium rerum rem non autem ratione quia.', 'Praesentium quis perferendis eligendi ratione alias dolorem molestiae. Sapiente odit et et porro sunt excepturi. Laboriosam sunt molestiae mollitia dignissimos nam asperiores ducimus debitis.', 148.84, 1, '2018-07-08 15:50:52', '2018-07-08 15:50:52'),
(13, 'Voluptate est in', 'Voluptatibus illo facilis aut beatae consequuntur consequatur.', 'Natus sit ea atque porro eos in. Eius vel fuga dolorem sit harum. Eum dolor quisquam consectetur laudantium doloribus. Quidem commodi molestias animi ducimus.', 72.81, 1, '2018-07-08 15:50:52', '2018-07-08 15:50:52'),
(14, 'Adipisci voluptas a', 'Quo aliquid voluptatum rerum architecto tempore inventore necessitatibus.', 'Sint ipsa ducimus est facilis molestias quibusdam. Id harum sit culpa nobis.', 107.82, 1, '2018-07-08 15:50:52', '2018-07-08 15:50:52'),
(15, 'Dolorum voluptatem quaerat laborum', 'Necessitatibus eos rerum modi neque est eos id.', 'Eos et voluptas deleniti et quasi pariatur. Sunt dolor sed hic unde.', 21.74, 1, '2018-07-08 15:50:52', '2018-07-08 15:50:52'),
(16, 'Reprehenderit non deserunt vero', 'Dicta odit sunt ut et ea fuga impedit minus est.', 'Fugit similique itaque reiciendis. Labore possimus inventore cumque molestiae voluptatum ipsam quo. Error et alias vitae similique sequi et. Placeat qui sed magni perferendis quibusdam natus eveniet.', 141.23, 1, '2018-07-08 15:50:52', '2018-07-08 15:50:52'),
(17, 'Qui aut dolorem aut', 'Minus temporibus eveniet nisi ad qui maxime voluptate reiciendis.', 'Incidunt doloribus animi consequatur odio. Autem voluptatem quia sit et. Maiores et non vitae magni amet.', 32.68, 1, '2018-07-08 15:50:52', '2018-07-08 15:50:52'),
(18, 'Assumenda quia illum autem', 'Omnis unde nihil modi voluptate minima autem accusamus facilis.', 'Aut provident sit eaque doloribus inventore laboriosam voluptates. Facilis voluptate recusandae veritatis porro quas quidem sapiente. Nostrum ducimus molestiae veniam dolores.', 33.42, 1, '2018-07-08 15:50:52', '2018-07-08 15:50:52'),
(19, 'Repudiandae incidunt quasi', 'Ullam nesciunt placeat aut itaque deleniti necessitatibus illo ut ducimus dolores.', 'Quos neque voluptas consequatur et. Cum dignissimos nostrum esse asperiores fugiat a. Fuga qui deserunt consequatur placeat.', 130.06, 1, '2018-07-08 15:50:52', '2018-07-08 15:50:52'),
(20, 'Adipisci non voluptatem', 'Laborum quis perspiciatis consequuntur iusto dolores esse natus omnis eligendi.', 'Aperiam pariatur exercitationem voluptas. Laudantium harum sapiente quo molestiae et nisi. Eligendi ut dolores praesentium. Eaque sapiente quasi nam doloribus iure.', 88.96, 1, '2018-07-08 15:50:52', '2018-07-08 15:50:52'),
(21, 'Delectus quibusdam dolorem aut', 'Voluptatum numquam doloremque ut assumenda ut voluptatibus doloribus repudiandae ut.', 'Optio voluptate et eligendi ducimus natus odit. Veniam unde facere molestiae aut laboriosam quo laboriosam. Doloribus perferendis dolore quia fugit officia autem. Unde doloribus excepturi facilis ex.', 47.59, 2, '2018-07-08 15:50:53', '2018-07-08 15:50:53'),
(22, 'Magni molestiae nobis', 'Quidem occaecati minima sed natus est dolores dolores consequuntur itaque itaque nostrum sed natus.', 'Consectetur vel ab itaque beatae est sed. Quae officiis voluptas natus fugit laudantium quo iusto provident. Omnis eum consectetur corporis omnis.', 81.07, 2, '2018-07-08 15:50:53', '2018-07-08 15:50:53'),
(23, 'Sit inventore incidunt maiores', 'Ex accusantium accusantium sunt perspiciatis consequatur aperiam voluptatem.', 'Dignissimos autem aut reprehenderit eos rem sit. Hic atque in repellendus provident. Cum magni qui dolore enim dolor quidem et.', 47.75, 2, '2018-07-08 15:50:53', '2018-07-08 15:50:53'),
(24, 'Quibusdam aspernatur consectetur ea', 'Blanditiis voluptas placeat quos laudantium architecto adipisci sed illo laboriosam reiciendis omnis vel consequuntur.', 'Ut voluptas hic voluptatem voluptates quo. Qui ut et esse et veritatis iste adipisci. Quo molestiae sed neque eius commodi error dolore architecto.', 12.21, 2, '2018-07-08 15:50:53', '2018-07-08 15:50:53'),
(25, 'Pariatur porro labore alias', 'Quia ut ipsum blanditiis error ullam sit ea.', 'Voluptates earum unde minus aliquid. Voluptatem et nihil sit itaque rerum placeat nam. At tenetur excepturi ea rerum optio aliquid nihil.', 53.94, 2, '2018-07-08 15:50:53', '2018-07-08 15:50:53'),
(26, 'Velit facere inventore', 'Est consectetur voluptatem fuga reiciendis nobis dolores ut doloremque illo aut quo ullam necessitatibus.', 'Architecto qui dolore atque quia consequatur iste quia. Sunt at perspiciatis quasi eligendi explicabo. Et et quo itaque molestias aut. Nulla reiciendis hic aut sint qui provident dolorum.', 121.94, 2, '2018-07-08 15:50:53', '2018-07-08 15:50:53'),
(27, 'Deleniti et mollitia', 'Molestias itaque quia perferendis eveniet fugiat quod unde.', 'Doloremque eum magnam sit ad doloremque dolor. Sit provident incidunt neque est ex molestias. Distinctio enim sunt et enim delectus. Nesciunt corrupti maiores id et dignissimos.', 73.91, 2, '2018-07-08 15:50:53', '2018-07-08 15:50:53'),
(28, 'Odio ea libero iste', 'Dolor nisi dignissimos neque laudantium minima quasi qui sunt.', 'Est est aut aut fugiat est cumque. Dignissimos et perspiciatis maiores ipsum itaque eligendi. Facere enim nam eum quibusdam dolor distinctio.', 100.91, 2, '2018-07-08 15:50:53', '2018-07-08 15:50:53'),
(29, 'Dicta aspernatur autem provident', 'Eum ducimus dolore doloremque quisquam quis quasi aliquid tenetur similique incidunt voluptatem.', 'Dolorum ipsam temporibus numquam non. Non corrupti non amet quasi velit. Laboriosam totam voluptas non recusandae. Soluta quia nemo odio suscipit.', 130.76, 2, '2018-07-08 15:50:53', '2018-07-08 15:50:53'),
(30, 'Ut inventore', 'Vero dolor repellendus vel deleniti pariatur excepturi molestiae sunt nobis harum veniam numquam eligendi.', 'Nesciunt quae possimus sunt doloribus excepturi. Eius facilis sit voluptatem suscipit culpa et iure aliquam. A voluptatum culpa necessitatibus veritatis esse nostrum et.', 64.61, 2, '2018-07-08 15:50:54', '2018-07-08 15:50:54'),
(31, 'Nulla harum expedita', 'Eos aut et aut illo illum qui provident nisi quasi nostrum voluptatem ut fuga.', 'Saepe nisi qui sequi pariatur temporibus ratione. Tempora enim nihil hic doloremque error quis. Mollitia ullam pariatur perspiciatis odio. Expedita iusto iure minus neque.', 48.22, 2, '2018-07-08 15:50:54', '2018-07-08 15:50:54'),
(32, 'Est sed itaque officiis', 'Repudiandae iure aut est nihil dolores unde quo.', 'Ducimus suscipit corrupti adipisci et iusto aut. Omnis porro rerum omnis provident doloremque ut. Hic sequi nesciunt vel ipsam dolorem.', 146.33, 2, '2018-07-08 15:50:54', '2018-07-08 15:50:54'),
(33, 'Quod ut provident doloremque', 'Ab autem aut eaque nihil consequatur nihil quia.', 'Doloribus sit voluptatem accusamus voluptatem reprehenderit iure. Qui harum voluptatibus ipsam molestias voluptas autem.', 127.87, 2, '2018-07-08 15:50:54', '2018-07-08 15:50:54'),
(34, 'Est voluptatem et', 'Rerum cum consequatur reprehenderit dolorem alias aspernatur nisi sed.', 'Enim quaerat in labore ea laudantium nulla. Tenetur quod dicta provident exercitationem. Quis ex dolores animi commodi. Ipsum qui dolorem fuga nihil numquam. Porro quas unde veritatis quis.', 142.27, 2, '2018-07-08 15:50:54', '2018-07-08 15:50:54'),
(35, 'Et et sunt quo sit', 'Eum recusandae facere aut nisi repudiandae itaque saepe quam ratione necessitatibus est dolorum unde.', 'Optio atque unde numquam. Quasi et quia rerum explicabo nesciunt.', 50.89, 2, '2018-07-08 15:50:54', '2018-07-08 15:50:54'),
(36, 'Iusto aut veniam', 'Qui praesentium ratione nesciunt ex officia similique explicabo in nam.', 'Eum assumenda doloribus nesciunt ut dolor numquam doloremque. Sit quas ex rerum commodi. Quis modi voluptatem odio sequi suscipit quia.', 8.78, 2, '2018-07-08 15:50:54', '2018-07-08 15:50:54'),
(37, 'Et voluptatem quis', 'Autem sint architecto ut aut debitis unde quia esse dolor enim veritatis est.', 'Cum cum dicta ex ut corporis. Libero quisquam aut vel modi magni. Laboriosam error dolores veritatis nisi fugiat assumenda facilis. Et beatae architecto temporibus consequatur.', 45.05, 2, '2018-07-08 15:50:54', '2018-07-08 15:50:54'),
(38, 'Officia amet dolorem quis', 'Sit distinctio a mollitia vel tempora veniam id aut eos provident et ut.', 'Qui neque in exercitationem sit cumque dolor. Sequi facilis esse excepturi doloribus. Necessitatibus voluptate blanditiis sed et voluptatem.', 119.41, 2, '2018-07-08 15:50:54', '2018-07-08 15:50:54'),
(39, 'Nisi beatae saepe iusto', 'Et atque enim incidunt consequatur voluptate modi delectus tempore aut vitae quasi tempore.', 'Ipsum voluptates non quia quae et vitae omnis. Deleniti assumenda voluptatem rerum quia numquam qui est.', 130.75, 2, '2018-07-08 15:50:54', '2018-07-08 15:50:54'),
(40, 'Quisquam natus qui', 'Perspiciatis esse ut maxime quas repellat eos incidunt pariatur iste sit.', 'Aperiam natus sunt facilis eaque. Assumenda vitae aut esse omnis. Recusandae qui molestiae aut rerum minus. Nesciunt facere accusantium facere.', 109.54, 2, '2018-07-08 15:50:54', '2018-07-08 15:50:54'),
(41, 'Sit ut saepe', 'Autem assumenda alias laudantium qui corrupti voluptates est quasi voluptas vel totam.', 'Aliquam totam dolor aut temporibus aut impedit dolores. Nesciunt quam cumque alias deserunt molestias. Occaecati maxime culpa amet ipsam.', 44.12, 3, '2018-07-08 15:50:54', '2018-07-08 15:50:54'),
(42, 'Suscipit facere nam ducimus', 'Sed et modi non cupiditate molestiae temporibus iusto non enim quis voluptatem.', 'Est itaque delectus maiores error optio eum incidunt qui. Quia sit porro nulla voluptatem vel velit qui.', 136.67, 3, '2018-07-08 15:50:54', '2018-07-08 15:50:54'),
(43, 'Dolores facilis non', 'Nam dolores explicabo ut blanditiis voluptate reprehenderit hic suscipit necessitatibus consequatur tenetur.', 'Quod voluptas cum reprehenderit sit porro dicta et ea. Enim eum enim nihil. Non esse maxime aspernatur voluptatem reprehenderit illum dolorem quisquam. Sint culpa qui maiores vero ea et.', 114.49, 3, '2018-07-08 15:50:54', '2018-07-08 15:50:54'),
(44, 'Voluptate sed', 'Earum aperiam dolor sit ex at et voluptatum aperiam aut minus assumenda.', 'Nam dolorum hic sint sit sit. Ipsam voluptas est autem fugiat dolorum consequuntur fuga. Et rerum accusamus consequatur necessitatibus natus quas.', 141.93, 3, '2018-07-08 15:50:54', '2018-07-08 15:50:54'),
(45, 'Nostrum perferendis animi', 'Alias unde consequatur mollitia vitae error amet.', 'Eligendi ad sequi facere reprehenderit commodi aut fugit quam. Est veniam blanditiis similique aut qui corporis rerum cumque. Et ut architecto totam necessitatibus.', 71.52, 3, '2018-07-08 15:50:55', '2018-07-08 15:50:55'),
(46, 'Distinctio aperiam magni cum', 'Et sit laboriosam iste sequi qui debitis et quas cupiditate autem eius.', 'Eveniet non accusantium quibusdam ut autem ut. Aperiam qui inventore placeat quam dolore tempora. Rem beatae aspernatur autem dolor aperiam nihil numquam.', 87.89, 3, '2018-07-08 15:50:55', '2018-07-08 15:50:55'),
(47, 'Et ipsum quia', 'Perferendis ab quo labore dolorem numquam non eos beatae doloribus sint ut.', 'Aut eum consectetur dolor quae expedita. Quis sit dolorem commodi corporis vel alias. Impedit quia dolorem libero rerum alias sed. Natus non voluptas aut fugiat voluptate minima.', 56.28, 3, '2018-07-08 15:50:55', '2018-07-08 15:50:55'),
(48, 'Qui vel enim ut', 'Quae expedita cum deleniti nesciunt id totam vero consequatur magni nihil.', 'Blanditiis dolores vel rerum eum eum minima. Atque quod praesentium aliquam voluptatem iure consequatur placeat. Recusandae et dolor reiciendis.', 80.59, 3, '2018-07-08 15:50:55', '2018-07-08 15:50:55'),
(49, 'Dolorem commodi', 'Asperiores quia at eaque aut earum sint architecto voluptatibus.', 'Et beatae facilis fugiat magnam similique at. Blanditiis atque nulla quo. Voluptatem temporibus eligendi cumque nihil tenetur dignissimos dolores.', 60.23, 3, '2018-07-08 15:50:55', '2018-07-08 15:50:55'),
(50, 'Laboriosam aliquid qui', 'Amet et laborum impedit et in hic tempora id.', 'Ut assumenda tenetur qui id quia saepe animi. Expedita quasi provident sed sunt omnis voluptatum. Quis quaerat vero eius. Modi tenetur neque velit.', 75.34, 3, '2018-07-08 15:50:55', '2018-07-08 15:50:55'),
(51, 'Optio libero sed omnis', 'Aut veritatis ducimus accusantium et id rerum qui et tempora.', 'Et dolorum aut adipisci et. Aliquam voluptates est voluptas aliquam omnis non. Non perspiciatis assumenda similique nihil nostrum sunt numquam.', 29.57, 3, '2018-07-08 15:50:55', '2018-07-08 15:50:55'),
(52, 'Temporibus sit facilis', 'Natus inventore quae quibusdam dicta sed et qui dolorem et.', 'Ut harum dolore et consectetur. Totam eius est neque quo soluta. Quia temporibus ab ut a vel. Sed in sit ut et inventore voluptatibus alias.', 68.52, 3, '2018-07-08 15:50:55', '2018-07-08 15:50:55'),
(53, 'Minus officiis sed illo', 'Voluptates sit fugit velit quis ad quaerat et tenetur minima unde facere dicta rem.', 'Temporibus ab alias nesciunt nulla temporibus. Suscipit labore et est eveniet aut et velit. Nemo odio veniam repellat quo voluptatem soluta non.', 16.14, 3, '2018-07-08 15:50:55', '2018-07-08 15:50:55'),
(54, 'Quia perferendis optio', 'Nobis cum culpa aut molestiae et architecto officiis.', 'Magni illo est ut. Iure nihil maiores voluptatem consequatur. In cumque a qui optio libero eligendi aspernatur.', 36.20, 3, '2018-07-08 15:50:55', '2018-07-08 15:50:55'),
(55, 'Porro nihil provident ipsa', 'Doloremque praesentium quas facere ut aperiam quia quo ab.', 'Maiores eaque voluptates iste incidunt ut voluptatem excepturi omnis. Harum quia consectetur eaque inventore. Facere consectetur voluptate numquam.', 88.52, 3, '2018-07-08 15:50:55', '2018-07-08 15:50:55'),
(56, 'Id ullam ea', 'Officiis esse dignissimos quia ut aut beatae exercitationem iusto et a ex est nam sequi.', 'Eius quas quo harum ut dolore corporis. Cum dolore voluptatem voluptas ducimus rerum eum. Aut qui quo doloremque ut mollitia natus.', 5.36, 3, '2018-07-08 15:50:55', '2018-07-08 15:50:55'),
(57, 'Minus eum cum', 'Aliquid atque omnis velit nesciunt est voluptatem officiis rerum voluptas itaque animi sit vel.', 'Ducimus quia maxime officiis dolorem voluptates labore. Tempora sit saepe ad vitae. Commodi est blanditiis cum. Molestias qui hic nihil mollitia non cumque labore repellat.', 63.36, 3, '2018-07-08 15:50:55', '2018-07-08 15:50:55'),
(58, 'Ipsa esse est', 'Molestias fuga accusamus provident quisquam voluptates occaecati consequatur atque et hic autem.', 'Impedit modi amet vel laudantium qui. Pariatur voluptatibus corrupti hic alias. Soluta aperiam sed qui repellendus enim perferendis. Sed itaque odit neque unde officia.', 19.48, 3, '2018-07-08 15:50:55', '2018-07-08 15:50:55'),
(59, 'Voluptate est vel et', 'Libero qui amet tempora ea aut quo ex odit veritatis qui deleniti numquam.', 'Labore placeat officiis et perferendis quibusdam eligendi esse. In quo et sequi perspiciatis vero nisi. Eum minima explicabo praesentium voluptatem alias.', 47.51, 3, '2018-07-08 15:50:55', '2018-07-08 15:50:55'),
(60, 'Exercitationem autem dolorum laboriosam assumenda', 'Debitis eum minima debitis unde et animi et dolore.', 'Non deserunt quas et eum tempora velit et. Repellendus omnis illum nam. Aliquid architecto soluta provident facilis laboriosam culpa asperiores.', 20.99, 3, '2018-07-08 15:50:55', '2018-07-08 15:50:55'),
(61, 'Qui voluptatum voluptates', 'Facilis vel eius omnis est numquam et vel tempora omnis laboriosam quis.', 'Quidem qui veniam autem. Molestiae est sequi pariatur unde. Debitis ullam voluptas enim possimus. Aut sequi velit sit sint. Recusandae provident voluptatem cum id earum beatae dolorem quos.', 88.96, 4, '2018-07-08 15:50:56', '2018-07-08 15:50:56'),
(62, 'Et alias qui dignissimos rerum', 'Qui aut illo non ut cumque consequatur iusto sed ut dolores.', 'Est id sed eligendi accusantium. Dolores cupiditate ea commodi sit corporis adipisci est. Consequatur et molestiae officia sunt dignissimos quia consequuntur voluptatem.', 98.27, 4, '2018-07-08 15:50:56', '2018-07-08 15:50:56'),
(63, 'Dolorem eveniet dolore est voluptatum', 'Et nobis quia sunt et harum consectetur repudiandae repellat est ut voluptatum.', 'Eligendi mollitia sint excepturi mollitia veritatis et. Delectus et ut delectus quia.', 38.07, 4, '2018-07-08 15:50:56', '2018-07-08 15:50:56'),
(64, 'Quae eum dignissimos ut', 'Corporis autem sit assumenda est eos distinctio eius incidunt.', 'Totam magni cum mollitia. Aut aperiam mollitia consequatur eligendi. Doloribus et ut et et. Quod molestias nisi dolorum tempora.', 43.02, 4, '2018-07-08 15:50:56', '2018-07-08 15:50:56'),
(65, 'Aut sit sint sit', 'Eos rerum voluptas quam facilis perspiciatis cumque repudiandae.', 'Praesentium facilis soluta magnam. Cumque beatae nesciunt fuga maxime similique vel. Molestias voluptatem ut est beatae recusandae optio aperiam inventore.', 95.35, 4, '2018-07-08 15:50:56', '2018-07-08 15:50:56'),
(66, 'Eaque perferendis cum quisquam', 'Enim nemo sit incidunt quia neque omnis quae ullam.', 'Ipsum nemo illo deserunt. Quisquam dolores voluptas vel sequi incidunt nostrum cum. Eum maxime velit sed tempore sit nihil aut voluptate.', 42.88, 4, '2018-07-08 15:50:56', '2018-07-08 15:50:56'),
(67, 'Qui et sequi', 'Debitis quis rerum quod sed dolorem voluptatum dicta at dolores eligendi totam quis.', 'Ipsum alias aut et. Culpa qui dolores vel qui est enim similique. Qui illum placeat nesciunt. Aliquid corporis quo et cupiditate quia non.', 43.34, 4, '2018-07-08 15:50:56', '2018-07-08 15:50:56'),
(68, 'Qui aliquid culpa illum', 'Voluptatem minus assumenda quia minima voluptas molestias vitae repellat optio saepe.', 'Sint natus quibusdam quam dolorem. Quia ab omnis beatae illum nam molestiae qui provident.', 6.02, 4, '2018-07-08 15:50:56', '2018-07-08 15:50:56'),
(69, 'Atque aut labore', 'Et quaerat et consequatur eum libero sunt ex veritatis.', 'Excepturi sit autem dolorum qui. Alias id dolorem repellendus nihil at sapiente aliquam. Eum repellat maxime occaecati exercitationem.', 109.28, 4, '2018-07-08 15:50:56', '2018-07-08 15:50:56'),
(70, 'Amet hic autem', 'Et nulla optio nulla dolorum est quia tenetur iure pariatur doloribus.', 'Non officia placeat repudiandae odit molestiae repellat. Distinctio vel molestias rem quia sed id nesciunt. Assumenda reiciendis quis asperiores assumenda.', 117.23, 4, '2018-07-08 15:50:56', '2018-07-08 15:50:56'),
(71, 'Laborum eaque rerum eligendi', 'Ipsa magnam distinctio magni maxime quis soluta laudantium corrupti necessitatibus ea.', 'Excepturi quia quos labore iusto ut. Vel sit eum quod quisquam est ut illum.', 68.06, 4, '2018-07-08 15:50:56', '2018-07-08 15:50:56'),
(72, 'Minus voluptas placeat', 'Officiis et aut molestiae recusandae omnis neque.', 'Cumque sunt laborum eligendi non et dolore. Et a libero nisi quo aperiam suscipit delectus. Quas quia alias et dolor. Velit sapiente aut quia.', 128.24, 4, '2018-07-08 15:50:56', '2018-07-08 15:50:56'),
(73, 'Iusto magni suscipit quos', 'Odit quas aut nihil et ratione dolores dolor tempore aut esse ut rerum fuga.', 'Odit sunt voluptate quidem doloribus. Debitis sit odit excepturi officiis adipisci. Et porro id sapiente sequi reprehenderit consequatur libero consequatur. Fugiat corporis ab eveniet quo.', 65.55, 4, '2018-07-08 15:50:56', '2018-07-08 15:50:56'),
(74, 'Ut a provident', 'Molestias tempore rerum pariatur vel quasi omnis reprehenderit nihil deserunt quisquam rerum.', 'Deleniti facilis saepe minima et et fuga. Quia aut adipisci nesciunt.', 120.53, 4, '2018-07-08 15:50:56', '2018-07-08 15:50:56'),
(75, 'Id et voluptate', 'Tempora ut fuga eius iste id tenetur qui ratione.', 'Qui ex aut facere repellat eligendi placeat et. Incidunt eius quae et ipsa. Sequi id et fuga officia omnis repellat. Aspernatur rerum totam deserunt adipisci et eaque omnis voluptate.', 24.19, 4, '2018-07-08 15:50:56', '2018-07-08 15:50:56'),
(76, 'Ipsam autem voluptate', 'In et aperiam nostrum rerum officia in laboriosam repudiandae molestias maxime.', 'Voluptas possimus et quia aut. Facilis aut dolores molestiae rerum cupiditate. Optio voluptate saepe et incidunt optio esse et nesciunt.', 8.15, 4, '2018-07-08 15:50:56', '2018-07-08 15:50:56'),
(77, 'Quibusdam facere aut totam', 'Qui placeat assumenda consequatur et officiis praesentium aperiam ut accusamus quas.', 'Nam quia rem ut tempore. Aliquid possimus adipisci eaque nemo sunt necessitatibus. Delectus in sed quae dolores et. Fuga esse itaque ut illum. Non assumenda fugit tempora impedit optio.', 133.88, 4, '2018-07-08 15:50:56', '2018-07-08 15:50:56'),
(78, 'Error iste', 'Illum sed sit rerum placeat quia veritatis dicta velit incidunt sed nihil voluptatem repudiandae.', 'Quam neque quia accusantium non molestiae. Corrupti repudiandae nobis aut ea quis cum. Possimus ut soluta culpa nesciunt mollitia.', 149.83, 4, '2018-07-08 15:50:56', '2018-07-08 15:50:56'),
(79, 'Quasi pariatur accusantium', 'Culpa itaque numquam maiores aut quaerat rem sit provident nulla ad numquam voluptas.', 'Aut est corrupti nam tempore aliquam. Non voluptas sit dolore. Sapiente iure exercitationem optio facere quis impedit est.', 122.81, 4, '2018-07-08 15:50:56', '2018-07-08 15:50:56'),
(80, 'Perspiciatis ea voluptates', 'Tempore qui officia quisquam quia illo quos neque reprehenderit dolores modi et provident dolore.', 'Expedita et quo earum. Modi recusandae et minima cumque. Dolorum et ullam assumenda minus ullam iusto.', 11.40, 4, '2018-07-08 15:50:56', '2018-07-08 15:50:56'),
(81, 'Quisquam nulla qui a', 'Necessitatibus iste non aut repellat dignissimos similique mollitia omnis.', 'Est et est id ut cum. Debitis fugit animi qui sequi. Qui animi voluptatum voluptate sequi ipsum iure tenetur eos. Quo id illum qui facilis quibusdam reprehenderit.', 113.78, 5, '2018-07-08 15:50:57', '2018-07-08 15:50:57'),
(82, 'Rem impedit provident nesciunt', 'Ipsa explicabo autem velit maiores sit quibusdam deserunt ut sequi.', 'Sed placeat quas nulla temporibus magni a ducimus facilis. At in et adipisci unde voluptatem assumenda et. Doloremque recusandae et voluptatibus temporibus sint voluptates.', 10.64, 5, '2018-07-08 15:50:57', '2018-07-08 15:50:57'),
(83, 'Fuga voluptatem vitae', 'Voluptatem quo ab repellat quidem aliquam maxime.', 'Dolorum et deserunt sit qui. Deserunt cum et ad qui officia incidunt. Eos voluptatem autem dolor odit. Sunt ipsum sit omnis pariatur autem.', 140.61, 5, '2018-07-08 15:50:57', '2018-07-08 15:50:57'),
(84, 'Est nesciunt deserunt ea', 'Ipsam magnam dolor dolor animi illum excepturi necessitatibus asperiores explicabo quia.', 'Eaque repellat quidem minima voluptate minus voluptatem sed. Sapiente molestias autem qui iure. Quidem voluptatem eveniet dolor debitis.', 74.78, 5, '2018-07-08 15:50:57', '2018-07-08 15:50:57'),
(85, 'Nam eveniet', 'Doloremque error delectus quae repudiandae aperiam et iste eos nam autem ab.', 'Sint ut harum occaecati ab voluptates reprehenderit iste. Aut quas ut eos vel. Tenetur rerum reiciendis vitae nemo. Soluta commodi qui eum deserunt perspiciatis.', 136.84, 5, '2018-07-08 15:50:57', '2018-07-08 15:50:57'),
(86, 'Saepe qui consectetur', 'Nulla voluptatem soluta quo eum aliquid eum ab.', 'Vel mollitia ipsam quia qui temporibus dolor. Ut occaecati dicta deleniti quas itaque distinctio illum. Atque aliquam error molestiae ut odit.', 8.69, 5, '2018-07-08 15:50:57', '2018-07-08 15:50:57'),
(87, 'Et nesciunt ullam', 'Cumque vel perspiciatis fugiat earum ut et tempore est rem eos et sit.', 'Voluptas a soluta quia illum. Quam voluptas beatae ipsa non. Dolorem nulla ratione et modi odit sint maiores. Reiciendis exercitationem enim quasi quo assumenda repudiandae dignissimos.', 87.66, 5, '2018-07-08 15:50:57', '2018-07-08 15:50:57'),
(88, 'Perspiciatis est vel', 'Est odit enim neque velit delectus voluptas et voluptatum explicabo eligendi.', 'Nam voluptas maiores eius aut. Dolores et tempore illo animi aut. Est veritatis voluptas dolorum ducimus.', 25.50, 5, '2018-07-08 15:50:57', '2018-07-08 15:50:57'),
(89, 'Rerum itaque earum', 'Qui quod rerum facere et occaecati modi quasi dignissimos est possimus iusto.', 'Ad et est sint qui necessitatibus eos explicabo. Ut perspiciatis distinctio pariatur officiis quia. Voluptas qui iusto sed officiis molestiae alias. Quas dolore ratione quod saepe eaque.', 69.28, 5, '2018-07-08 15:50:57', '2018-07-08 15:50:57'),
(90, 'Eius voluptatum nesciunt', 'Reprehenderit nihil accusantium suscipit ea similique qui eum consequatur illum aliquam ut.', 'Est temporibus similique quidem labore numquam quisquam dolores. Non eos sit provident harum consequuntur assumenda ipsam.', 58.50, 5, '2018-07-08 15:50:57', '2018-07-08 15:50:57'),
(91, 'Voluptas voluptatem', 'Quo dolores qui ex et quaerat aperiam saepe odit.', 'Omnis ut quibusdam quisquam eos. Sunt sit temporibus suscipit voluptatem eveniet sint quia. Veritatis earum quod ipsam eveniet quis. Est et corporis impedit perferendis.', 57.37, 5, '2018-07-08 15:50:57', '2018-07-08 15:50:57'),
(92, 'Temporibus qui laboriosam', 'Enim non incidunt distinctio quas incidunt nisi esse.', 'Omnis velit doloribus corrupti eos inventore. Qui id illum repellat ut aperiam officia. Officiis maxime qui consectetur et et. Qui unde voluptatem illo qui vel non.', 87.90, 5, '2018-07-08 15:50:57', '2018-07-08 15:50:57'),
(93, 'Delectus vero id', 'Unde vel perspiciatis veritatis deleniti numquam nemo laudantium pariatur ipsa fugit earum.', 'Quasi et dolorem provident sunt. Qui hic voluptas dolores autem. Sunt quo corrupti voluptatem qui. Fugit inventore aliquid nihil non nobis.', 23.37, 5, '2018-07-08 15:50:57', '2018-07-08 15:50:57'),
(94, 'Dolores architecto pariatur', 'Ullam reprehenderit consequatur voluptas consectetur nobis fugiat.', 'Qui itaque nesciunt quisquam ut quis quo eum animi. Ipsa iusto accusantium et cum consectetur deserunt. Numquam sit est quos debitis aut. Aut mollitia magnam et fugiat.', 149.16, 5, '2018-07-08 15:50:57', '2018-07-08 15:50:57'),
(95, 'Et minus similique', 'Facilis laborum error sit et ut minima animi.', 'Tempora dolores ut rerum. Pariatur saepe deleniti est et rerum architecto doloribus. Similique corrupti asperiores vel.', 143.26, 5, '2018-07-08 15:50:57', '2018-07-08 15:50:57'),
(96, 'Perferendis enim deserunt', 'Et suscipit dicta fuga animi esse quam sunt voluptatem aut aut omnis quisquam enim.', 'Deserunt deleniti explicabo vel hic ullam aut eos. Qui adipisci ipsum omnis culpa nihil. Nihil earum rerum nisi aut autem a adipisci laboriosam.', 33.52, 5, '2018-07-08 15:50:57', '2018-07-08 15:50:57'),
(97, 'Commodi explicabo sed accusamus', 'Nihil est molestiae sunt facere ut at quia praesentium eaque molestiae.', 'Expedita recusandae vero est sed esse. Aut recusandae aut praesentium inventore magni. Sequi consequuntur incidunt temporibus laboriosam. Ut dolor omnis et itaque dolores mollitia illo.', 112.19, 5, '2018-07-08 15:50:57', '2018-07-08 15:50:57'),
(98, 'Dolorum eum atque deleniti', 'Dolorem ea ea molestias ea rerum officia inventore dolorem consectetur tenetur.', 'Commodi nostrum atque rerum enim. Iusto numquam suscipit voluptate repellendus exercitationem. Facilis sequi pariatur deleniti qui nemo sunt eos. Illum maxime at corporis qui voluptates rerum.', 63.75, 5, '2018-07-08 15:50:57', '2018-07-08 15:50:57'),
(99, 'Praesentium voluptas', 'Aspernatur dolor assumenda laborum quia error ratione nesciunt inventore qui.', 'Ut consequuntur officia sed placeat. Error quod rerum est adipisci nemo. Ut dolores et eos repellendus harum autem animi quos.', 53.17, 5, '2018-07-08 15:50:57', '2018-07-08 15:50:57'),
(100, 'Deserunt perferendis dolores vel', 'Earum repellendus perferendis odit fugiat est facilis debitis et et ut repellendus distinctio.', 'Optio deleniti libero ut ducimus et ratione placeat. Illo hic sint est delectus omnis velit commodi. Cupiditate fuga voluptatem velit vel consequatur. Libero ut ut magni vel nemo animi totam.', 111.01, 5, '2018-07-08 15:50:57', '2018-07-08 15:50:57');

-- --------------------------------------------------------

--
-- Estructura de tabla para la tabla `product_images`
--

CREATE TABLE `product_images` (
  `id` int(10) UNSIGNED NOT NULL,
  `image` varchar(191) COLLATE utf8mb4_unicode_ci NOT NULL,
  `featured` tinyint(1) NOT NULL DEFAULT '0',
  `product_id` int(10) UNSIGNED NOT NULL,
  `created_at` timestamp NULL DEFAULT NULL,
  `updated_at` timestamp NULL DEFAULT NULL
) ENGINE=InnoDB DEFAULT CHARSET=utf8mb4 COLLATE=utf8mb4_unicode_ci;

--
-- Volcado de datos para la tabla `product_images`
--

INSERT INTO `product_images` (`id`, `image`, `featured`, `product_id`, `created_at`, `updated_at`) VALUES
(1, 'https://lorempixel.com/250/250/?16562', 0, 1, '2018-07-08 15:50:53', '2018-07-08 15:50:53'),
(2, 'https://lorempixel.com/250/250/?91237', 0, 1, '2018-07-08 15:50:53', '2018-07-08 15:50:53'),
(3, 'https://lorempixel.com/250/250/?22090', 0, 1, '2018-07-08 15:50:53', '2018-07-08 15:50:53'),
(4, 'https://lorempixel.com/250/250/?61548', 0, 1, '2018-07-08 15:50:53', '2018-07-08 15:50:53'),
(5, 'https://lorempixel.com/250/250/?17097', 0, 1, '2018-07-08 15:50:53', '2018-07-08 15:50:53'),
(6, 'https://lorempixel.com/250/250/?18722', 0, 2, '2018-07-08 15:50:53', '2018-07-08 15:50:53'),
(7, 'https://lorempixel.com/250/250/?80729', 0, 2, '2018-07-08 15:50:53', '2018-07-08 15:50:53'),
(8, 'https://lorempixel.com/250/250/?96427', 0, 2, '2018-07-08 15:50:53', '2018-07-08 15:50:53'),
(9, 'https://lorempixel.com/250/250/?38782', 0, 2, '2018-07-08 15:50:53', '2018-07-08 15:50:53'),
(10, 'https://lorempixel.com/250/250/?92688', 0, 2, '2018-07-08 15:50:53', '2018-07-08 15:50:53'),
(11, 'https://lorempixel.com/250/250/?55411', 0, 3, '2018-07-08 15:50:53', '2018-07-08 15:50:53'),
(12, 'https://lorempixel.com/250/250/?87387', 0, 3, '2018-07-08 15:50:53', '2018-07-08 15:50:53'),
(13, 'https://lorempixel.com/250/250/?24440', 0, 3, '2018-07-08 15:50:53', '2018-07-08 15:50:53'),
(14, 'https://lorempixel.com/250/250/?72355', 0, 3, '2018-07-08 15:50:53', '2018-07-08 15:50:53'),
(15, 'https://lorempixel.com/250/250/?85169', 0, 3, '2018-07-08 15:50:53', '2018-07-08 15:50:53'),
(16, 'https://lorempixel.com/250/250/?80424', 0, 4, '2018-07-08 15:50:53', '2018-07-08 15:50:53'),
(17, 'https://lorempixel.com/250/250/?62072', 0, 4, '2018-07-08 15:50:53', '2018-07-08 15:50:53'),
(18, 'https://lorempixel.com/250/250/?96328', 0, 4, '2018-07-08 15:50:53', '2018-07-08 15:50:53'),
(19, 'https://lorempixel.com/250/250/?27252', 0, 4, '2018-07-08 15:50:53', '2018-07-08 15:50:53'),
(20, 'https://lorempixel.com/250/250/?74199', 0, 4, '2018-07-08 15:50:53', '2018-07-08 15:50:53'),
(21, 'https://lorempixel.com/250/250/?95726', 0, 5, '2018-07-08 15:50:53', '2018-07-08 15:50:53'),
(22, 'https://lorempixel.com/250/250/?23124', 0, 5, '2018-07-08 15:50:53', '2018-07-08 15:50:53'),
(23, 'https://lorempixel.com/250/250/?47747', 0, 5, '2018-07-08 15:50:53', '2018-07-08 15:50:53'),
(24, 'https://lorempixel.com/250/250/?44388', 0, 5, '2018-07-08 15:50:53', '2018-07-08 15:50:53'),
(25, 'https://lorempixel.com/250/250/?24968', 0, 5, '2018-07-08 15:50:53', '2018-07-08 15:50:53'),
(26, 'https://lorempixel.com/250/250/?52459', 0, 6, '2018-07-08 15:50:53', '2018-07-08 15:50:53'),
(27, 'https://lorempixel.com/250/250/?52299', 0, 6, '2018-07-08 15:50:53', '2018-07-08 15:50:53'),
(28, 'https://lorempixel.com/250/250/?78787', 0, 6, '2018-07-08 15:50:53', '2018-07-08 15:50:53'),
(29, 'https://lorempixel.com/250/250/?14870', 0, 6, '2018-07-08 15:50:53', '2018-07-08 15:50:53'),
(30, 'https://lorempixel.com/250/250/?55985', 0, 6, '2018-07-08 15:50:53', '2018-07-08 15:50:53'),
(31, 'https://lorempixel.com/250/250/?39781', 0, 7, '2018-07-08 15:50:53', '2018-07-08 15:50:53'),
(32, 'https://lorempixel.com/250/250/?89251', 0, 7, '2018-07-08 15:50:53', '2018-07-08 15:50:53'),
(33, 'https://lorempixel.com/250/250/?67183', 0, 7, '2018-07-08 15:50:53', '2018-07-08 15:50:53'),
(34, 'https://lorempixel.com/250/250/?78596', 0, 7, '2018-07-08 15:50:53', '2018-07-08 15:50:53'),
(35, 'https://lorempixel.com/250/250/?15563', 0, 7, '2018-07-08 15:50:53', '2018-07-08 15:50:53'),
(36, 'https://lorempixel.com/250/250/?68616', 0, 8, '2018-07-08 15:50:53', '2018-07-08 15:50:53'),
(37, 'https://lorempixel.com/250/250/?30341', 0, 8, '2018-07-08 15:50:53', '2018-07-08 15:50:53'),
(38, 'https://lorempixel.com/250/250/?20463', 0, 8, '2018-07-08 15:50:53', '2018-07-08 15:50:53'),
(39, 'https://lorempixel.com/250/250/?25741', 0, 8, '2018-07-08 15:50:53', '2018-07-08 15:50:53'),
(40, 'https://lorempixel.com/250/250/?12503', 0, 8, '2018-07-08 15:50:53', '2018-07-08 15:50:53'),
(41, 'https://lorempixel.com/250/250/?66487', 0, 9, '2018-07-08 15:50:53', '2018-07-08 15:50:53'),
(42, 'https://lorempixel.com/250/250/?78740', 0, 9, '2018-07-08 15:50:53', '2018-07-08 15:50:53'),
(43, 'https://lorempixel.com/250/250/?14817', 0, 9, '2018-07-08 15:50:53', '2018-07-08 15:50:53'),
(44, 'https://lorempixel.com/250/250/?91227', 0, 9, '2018-07-08 15:50:53', '2018-07-08 15:50:53'),
(45, 'https://lorempixel.com/250/250/?73976', 0, 9, '2018-07-08 15:50:53', '2018-07-08 15:50:53'),
(46, 'https://lorempixel.com/250/250/?31066', 0, 10, '2018-07-08 15:50:53', '2018-07-08 15:50:53'),
(47, 'https://lorempixel.com/250/250/?18241', 0, 10, '2018-07-08 15:50:53', '2018-07-08 15:50:53'),
(48, 'https://lorempixel.com/250/250/?84365', 0, 10, '2018-07-08 15:50:53', '2018-07-08 15:50:53'),
(49, 'https://lorempixel.com/250/250/?97818', 0, 10, '2018-07-08 15:50:53', '2018-07-08 15:50:53'),
(50, 'https://lorempixel.com/250/250/?97966', 0, 10, '2018-07-08 15:50:53', '2018-07-08 15:50:53'),
(51, 'https://lorempixel.com/250/250/?63060', 0, 11, '2018-07-08 15:50:53', '2018-07-08 15:50:53'),
(52, 'https://lorempixel.com/250/250/?14330', 0, 11, '2018-07-08 15:50:53', '2018-07-08 15:50:53'),
(53, 'https://lorempixel.com/250/250/?79232', 0, 11, '2018-07-08 15:50:53', '2018-07-08 15:50:53'),
(54, 'https://lorempixel.com/250/250/?32177', 0, 11, '2018-07-08 15:50:53', '2018-07-08 15:50:53'),
(55, 'https://lorempixel.com/250/250/?37192', 0, 11, '2018-07-08 15:50:53', '2018-07-08 15:50:53'),
(56, 'https://lorempixel.com/250/250/?90300', 0, 12, '2018-07-08 15:50:53', '2018-07-08 15:50:53'),
(57, 'https://lorempixel.com/250/250/?62145', 0, 12, '2018-07-08 15:50:53', '2018-07-08 15:50:53'),
(58, 'https://lorempixel.com/250/250/?21876', 0, 12, '2018-07-08 15:50:53', '2018-07-08 15:50:53'),
(59, 'https://lorempixel.com/250/250/?25517', 0, 12, '2018-07-08 15:50:53', '2018-07-08 15:50:53'),
(60, 'https://lorempixel.com/250/250/?84695', 0, 12, '2018-07-08 15:50:53', '2018-07-08 15:50:53'),
(61, 'https://lorempixel.com/250/250/?38817', 0, 13, '2018-07-08 15:50:53', '2018-07-08 15:50:53'),
(62, 'https://lorempixel.com/250/250/?45275', 0, 13, '2018-07-08 15:50:53', '2018-07-08 15:50:53'),
(63, 'https://lorempixel.com/250/250/?82783', 0, 13, '2018-07-08 15:50:53', '2018-07-08 15:50:53'),
(64, 'https://lorempixel.com/250/250/?44534', 0, 13, '2018-07-08 15:50:53', '2018-07-08 15:50:53'),
(65, 'https://lorempixel.com/250/250/?61872', 0, 13, '2018-07-08 15:50:53', '2018-07-08 15:50:53'),
(66, 'https://lorempixel.com/250/250/?39984', 0, 14, '2018-07-08 15:50:53', '2018-07-08 15:50:53'),
(67, 'https://lorempixel.com/250/250/?94661', 0, 14, '2018-07-08 15:50:53', '2018-07-08 15:50:53'),
(68, 'https://lorempixel.com/250/250/?21979', 0, 14, '2018-07-08 15:50:53', '2018-07-08 15:50:53'),
(69, 'https://lorempixel.com/250/250/?16345', 0, 14, '2018-07-08 15:50:53', '2018-07-08 15:50:53'),
(70, 'https://lorempixel.com/250/250/?67253', 0, 14, '2018-07-08 15:50:53', '2018-07-08 15:50:53'),
(71, 'https://lorempixel.com/250/250/?12552', 0, 15, '2018-07-08 15:50:53', '2018-07-08 15:50:53'),
(72, 'https://lorempixel.com/250/250/?59722', 0, 15, '2018-07-08 15:50:53', '2018-07-08 15:50:53'),
(73, 'https://lorempixel.com/250/250/?52601', 0, 15, '2018-07-08 15:50:53', '2018-07-08 15:50:53'),
(74, 'https://lorempixel.com/250/250/?20215', 0, 15, '2018-07-08 15:50:53', '2018-07-08 15:50:53'),
(75, 'https://lorempixel.com/250/250/?64279', 0, 15, '2018-07-08 15:50:53', '2018-07-08 15:50:53'),
(76, 'https://lorempixel.com/250/250/?78137', 0, 16, '2018-07-08 15:50:53', '2018-07-08 15:50:53'),
(77, 'https://lorempixel.com/250/250/?75244', 0, 16, '2018-07-08 15:50:53', '2018-07-08 15:50:53'),
(78, 'https://lorempixel.com/250/250/?32987', 0, 16, '2018-07-08 15:50:53', '2018-07-08 15:50:53'),
(79, 'https://lorempixel.com/250/250/?54203', 0, 16, '2018-07-08 15:50:53', '2018-07-08 15:50:53'),
(80, 'https://lorempixel.com/250/250/?62648', 0, 16, '2018-07-08 15:50:53', '2018-07-08 15:50:53'),
(81, 'https://lorempixel.com/250/250/?12569', 0, 17, '2018-07-08 15:50:53', '2018-07-08 15:50:53'),
(82, 'https://lorempixel.com/250/250/?87780', 0, 17, '2018-07-08 15:50:53', '2018-07-08 15:50:53'),
(83, 'https://lorempixel.com/250/250/?75039', 0, 17, '2018-07-08 15:50:53', '2018-07-08 15:50:53'),
(84, 'https://lorempixel.com/250/250/?76096', 0, 17, '2018-07-08 15:50:53', '2018-07-08 15:50:53'),
(85, 'https://lorempixel.com/250/250/?77863', 0, 17, '2018-07-08 15:50:53', '2018-07-08 15:50:53'),
(86, 'https://lorempixel.com/250/250/?22682', 0, 18, '2018-07-08 15:50:53', '2018-07-08 15:50:53'),
(87, 'https://lorempixel.com/250/250/?87481', 0, 18, '2018-07-08 15:50:53', '2018-07-08 15:50:53'),
(88, 'https://lorempixel.com/250/250/?48775', 0, 18, '2018-07-08 15:50:53', '2018-07-08 15:50:53'),
(89, 'https://lorempixel.com/250/250/?84167', 0, 18, '2018-07-08 15:50:53', '2018-07-08 15:50:53'),
(90, 'https://lorempixel.com/250/250/?21573', 0, 18, '2018-07-08 15:50:53', '2018-07-08 15:50:53'),
(91, 'https://lorempixel.com/250/250/?30630', 0, 19, '2018-07-08 15:50:53', '2018-07-08 15:50:53'),
(92, 'https://lorempixel.com/250/250/?30731', 0, 19, '2018-07-08 15:50:53', '2018-07-08 15:50:53'),
(93, 'https://lorempixel.com/250/250/?59453', 0, 19, '2018-07-08 15:50:53', '2018-07-08 15:50:53'),
(94, 'https://lorempixel.com/250/250/?55808', 0, 19, '2018-07-08 15:50:53', '2018-07-08 15:50:53'),
(95, 'https://lorempixel.com/250/250/?84286', 0, 19, '2018-07-08 15:50:53', '2018-07-08 15:50:53'),
(96, 'https://lorempixel.com/250/250/?77407', 0, 20, '2018-07-08 15:50:53', '2018-07-08 15:50:53'),
(97, 'https://lorempixel.com/250/250/?36946', 0, 20, '2018-07-08 15:50:53', '2018-07-08 15:50:53'),
(98, 'https://lorempixel.com/250/250/?87240', 0, 20, '2018-07-08 15:50:53', '2018-07-08 15:50:53'),
(99, 'https://lorempixel.com/250/250/?41034', 0, 20, '2018-07-08 15:50:53', '2018-07-08 15:50:53'),
(100, 'https://lorempixel.com/250/250/?45451', 0, 20, '2018-07-08 15:50:53', '2018-07-08 15:50:53'),
(101, 'https://lorempixel.com/250/250/?66196', 0, 21, '2018-07-08 15:50:54', '2018-07-08 15:50:54'),
(102, 'https://lorempixel.com/250/250/?25453', 0, 21, '2018-07-08 15:50:54', '2018-07-08 15:50:54'),
(103, 'https://lorempixel.com/250/250/?50728', 0, 21, '2018-07-08 15:50:54', '2018-07-08 15:50:54'),
(104, 'https://lorempixel.com/250/250/?41321', 0, 21, '2018-07-08 15:50:54', '2018-07-08 15:50:54'),
(105, 'https://lorempixel.com/250/250/?47801', 0, 21, '2018-07-08 15:50:54', '2018-07-08 15:50:54'),
(106, 'https://lorempixel.com/250/250/?63521', 0, 22, '2018-07-08 15:50:54', '2018-07-08 15:50:54'),
(107, 'https://lorempixel.com/250/250/?49287', 0, 22, '2018-07-08 15:50:54', '2018-07-08 15:50:54'),
(108, 'https://lorempixel.com/250/250/?86199', 0, 22, '2018-07-08 15:50:54', '2018-07-08 15:50:54'),
(109, 'https://lorempixel.com/250/250/?17617', 0, 22, '2018-07-08 15:50:54', '2018-07-08 15:50:54'),
(110, 'https://lorempixel.com/250/250/?26359', 0, 22, '2018-07-08 15:50:54', '2018-07-08 15:50:54'),
(111, 'https://lorempixel.com/250/250/?43168', 0, 23, '2018-07-08 15:50:54', '2018-07-08 15:50:54'),
(112, 'https://lorempixel.com/250/250/?49557', 0, 23, '2018-07-08 15:50:54', '2018-07-08 15:50:54'),
(113, 'https://lorempixel.com/250/250/?47586', 0, 23, '2018-07-08 15:50:54', '2018-07-08 15:50:54'),
(114, 'https://lorempixel.com/250/250/?17649', 0, 23, '2018-07-08 15:50:54', '2018-07-08 15:50:54'),
(115, 'https://lorempixel.com/250/250/?81157', 0, 23, '2018-07-08 15:50:54', '2018-07-08 15:50:54'),
(116, 'https://lorempixel.com/250/250/?74416', 0, 24, '2018-07-08 15:50:54', '2018-07-08 15:50:54'),
(117, 'https://lorempixel.com/250/250/?50165', 0, 24, '2018-07-08 15:50:54', '2018-07-08 15:50:54'),
(118, 'https://lorempixel.com/250/250/?49786', 0, 24, '2018-07-08 15:50:54', '2018-07-08 15:50:54'),
(119, 'https://lorempixel.com/250/250/?92382', 0, 24, '2018-07-08 15:50:54', '2018-07-08 15:50:54'),
(120, 'https://lorempixel.com/250/250/?98521', 0, 24, '2018-07-08 15:50:54', '2018-07-08 15:50:54'),
(121, 'https://lorempixel.com/250/250/?75604', 0, 25, '2018-07-08 15:50:54', '2018-07-08 15:50:54'),
(122, 'https://lorempixel.com/250/250/?19018', 0, 25, '2018-07-08 15:50:54', '2018-07-08 15:50:54'),
(123, 'https://lorempixel.com/250/250/?82856', 0, 25, '2018-07-08 15:50:54', '2018-07-08 15:50:54'),
(124, 'https://lorempixel.com/250/250/?93306', 0, 25, '2018-07-08 15:50:54', '2018-07-08 15:50:54'),
(125, 'https://lorempixel.com/250/250/?51777', 0, 25, '2018-07-08 15:50:54', '2018-07-08 15:50:54'),
(126, 'https://lorempixel.com/250/250/?39449', 0, 26, '2018-07-08 15:50:54', '2018-07-08 15:50:54'),
(127, 'https://lorempixel.com/250/250/?43582', 0, 26, '2018-07-08 15:50:54', '2018-07-08 15:50:54'),
(128, 'https://lorempixel.com/250/250/?38392', 0, 26, '2018-07-08 15:50:54', '2018-07-08 15:50:54'),
(129, 'https://lorempixel.com/250/250/?69094', 0, 26, '2018-07-08 15:50:54', '2018-07-08 15:50:54'),
(130, 'https://lorempixel.com/250/250/?72369', 0, 26, '2018-07-08 15:50:54', '2018-07-08 15:50:54'),
(131, 'https://lorempixel.com/250/250/?91548', 0, 27, '2018-07-08 15:50:54', '2018-07-08 15:50:54'),
(132, 'https://lorempixel.com/250/250/?74750', 0, 27, '2018-07-08 15:50:54', '2018-07-08 15:50:54'),
(133, 'https://lorempixel.com/250/250/?72638', 0, 27, '2018-07-08 15:50:54', '2018-07-08 15:50:54'),
(134, 'https://lorempixel.com/250/250/?53949', 0, 27, '2018-07-08 15:50:54', '2018-07-08 15:50:54'),
(135, 'https://lorempixel.com/250/250/?89892', 0, 27, '2018-07-08 15:50:54', '2018-07-08 15:50:54'),
(136, 'https://lorempixel.com/250/250/?50868', 0, 28, '2018-07-08 15:50:54', '2018-07-08 15:50:54'),
(137, 'https://lorempixel.com/250/250/?10992', 0, 28, '2018-07-08 15:50:54', '2018-07-08 15:50:54'),
(138, 'https://lorempixel.com/250/250/?50378', 0, 28, '2018-07-08 15:50:54', '2018-07-08 15:50:54'),
(139, 'https://lorempixel.com/250/250/?73966', 0, 28, '2018-07-08 15:50:54', '2018-07-08 15:50:54'),
(140, 'https://lorempixel.com/250/250/?65923', 0, 28, '2018-07-08 15:50:54', '2018-07-08 15:50:54'),
(141, 'https://lorempixel.com/250/250/?64539', 0, 29, '2018-07-08 15:50:54', '2018-07-08 15:50:54'),
(142, 'https://lorempixel.com/250/250/?80117', 0, 29, '2018-07-08 15:50:54', '2018-07-08 15:50:54'),
(143, 'https://lorempixel.com/250/250/?55612', 0, 29, '2018-07-08 15:50:54', '2018-07-08 15:50:54'),
(144, 'https://lorempixel.com/250/250/?38619', 0, 29, '2018-07-08 15:50:54', '2018-07-08 15:50:54'),
(145, 'https://lorempixel.com/250/250/?69074', 0, 29, '2018-07-08 15:50:54', '2018-07-08 15:50:54'),
(146, 'https://lorempixel.com/250/250/?41569', 0, 30, '2018-07-08 15:50:54', '2018-07-08 15:50:54'),
(147, 'https://lorempixel.com/250/250/?13375', 0, 30, '2018-07-08 15:50:54', '2018-07-08 15:50:54'),
(148, 'https://lorempixel.com/250/250/?87051', 0, 30, '2018-07-08 15:50:54', '2018-07-08 15:50:54'),
(149, 'https://lorempixel.com/250/250/?94504', 0, 30, '2018-07-08 15:50:54', '2018-07-08 15:50:54'),
(150, 'https://lorempixel.com/250/250/?14957', 0, 30, '2018-07-08 15:50:54', '2018-07-08 15:50:54'),
(151, 'https://lorempixel.com/250/250/?42062', 0, 31, '2018-07-08 15:50:54', '2018-07-08 15:50:54'),
(152, 'https://lorempixel.com/250/250/?40586', 0, 31, '2018-07-08 15:50:54', '2018-07-08 15:50:54'),
(153, 'https://lorempixel.com/250/250/?79909', 0, 31, '2018-07-08 15:50:54', '2018-07-08 15:50:54'),
(154, 'https://lorempixel.com/250/250/?70130', 0, 31, '2018-07-08 15:50:54', '2018-07-08 15:50:54'),
(155, 'https://lorempixel.com/250/250/?90016', 0, 31, '2018-07-08 15:50:54', '2018-07-08 15:50:54'),
(156, 'https://lorempixel.com/250/250/?93364', 0, 32, '2018-07-08 15:50:54', '2018-07-08 15:50:54'),
(157, 'https://lorempixel.com/250/250/?90151', 0, 32, '2018-07-08 15:50:54', '2018-07-08 15:50:54'),
(158, 'https://lorempixel.com/250/250/?71692', 0, 32, '2018-07-08 15:50:54', '2018-07-08 15:50:54'),
(159, 'https://lorempixel.com/250/250/?21430', 0, 32, '2018-07-08 15:50:54', '2018-07-08 15:50:54'),
(160, 'https://lorempixel.com/250/250/?71252', 0, 32, '2018-07-08 15:50:54', '2018-07-08 15:50:54'),
(161, 'https://lorempixel.com/250/250/?64623', 0, 33, '2018-07-08 15:50:54', '2018-07-08 15:50:54'),
(162, 'https://lorempixel.com/250/250/?22793', 0, 33, '2018-07-08 15:50:54', '2018-07-08 15:50:54'),
(163, 'https://lorempixel.com/250/250/?25429', 0, 33, '2018-07-08 15:50:54', '2018-07-08 15:50:54'),
(164, 'https://lorempixel.com/250/250/?28881', 0, 33, '2018-07-08 15:50:54', '2018-07-08 15:50:54'),
(165, 'https://lorempixel.com/250/250/?85367', 0, 33, '2018-07-08 15:50:54', '2018-07-08 15:50:54'),
(166, 'https://lorempixel.com/250/250/?24698', 0, 34, '2018-07-08 15:50:54', '2018-07-08 15:50:54'),
(167, 'https://lorempixel.com/250/250/?36921', 0, 34, '2018-07-08 15:50:54', '2018-07-08 15:50:54'),
(168, 'https://lorempixel.com/250/250/?79660', 0, 34, '2018-07-08 15:50:54', '2018-07-08 15:50:54'),
(169, 'https://lorempixel.com/250/250/?35417', 0, 34, '2018-07-08 15:50:54', '2018-07-08 15:50:54'),
(170, 'https://lorempixel.com/250/250/?19648', 0, 34, '2018-07-08 15:50:54', '2018-07-08 15:50:54'),
(171, 'https://lorempixel.com/250/250/?60847', 0, 35, '2018-07-08 15:50:54', '2018-07-08 15:50:54'),
(172, 'https://lorempixel.com/250/250/?85825', 0, 35, '2018-07-08 15:50:54', '2018-07-08 15:50:54'),
(173, 'https://lorempixel.com/250/250/?72990', 0, 35, '2018-07-08 15:50:54', '2018-07-08 15:50:54'),
(174, 'https://lorempixel.com/250/250/?42230', 0, 35, '2018-07-08 15:50:54', '2018-07-08 15:50:54'),
(175, 'https://lorempixel.com/250/250/?35365', 0, 35, '2018-07-08 15:50:54', '2018-07-08 15:50:54'),
(176, 'https://lorempixel.com/250/250/?19317', 0, 36, '2018-07-08 15:50:54', '2018-07-08 15:50:54'),
(177, 'https://lorempixel.com/250/250/?28667', 0, 36, '2018-07-08 15:50:54', '2018-07-08 15:50:54'),
(178, 'https://lorempixel.com/250/250/?68931', 0, 36, '2018-07-08 15:50:54', '2018-07-08 15:50:54'),
(179, 'https://lorempixel.com/250/250/?11359', 0, 36, '2018-07-08 15:50:54', '2018-07-08 15:50:54'),
(180, 'https://lorempixel.com/250/250/?55613', 0, 36, '2018-07-08 15:50:54', '2018-07-08 15:50:54'),
(181, 'https://lorempixel.com/250/250/?40767', 0, 37, '2018-07-08 15:50:54', '2018-07-08 15:50:54'),
(182, 'https://lorempixel.com/250/250/?81997', 0, 37, '2018-07-08 15:50:54', '2018-07-08 15:50:54'),
(183, 'https://lorempixel.com/250/250/?17223', 0, 37, '2018-07-08 15:50:54', '2018-07-08 15:50:54'),
(184, 'https://lorempixel.com/250/250/?99111', 0, 37, '2018-07-08 15:50:54', '2018-07-08 15:50:54'),
(185, 'https://lorempixel.com/250/250/?70394', 0, 37, '2018-07-08 15:50:54', '2018-07-08 15:50:54'),
(186, 'https://lorempixel.com/250/250/?27988', 0, 38, '2018-07-08 15:50:54', '2018-07-08 15:50:54'),
(187, 'https://lorempixel.com/250/250/?64871', 0, 38, '2018-07-08 15:50:54', '2018-07-08 15:50:54'),
(188, 'https://lorempixel.com/250/250/?18523', 0, 38, '2018-07-08 15:50:54', '2018-07-08 15:50:54'),
(189, 'https://lorempixel.com/250/250/?67980', 0, 38, '2018-07-08 15:50:54', '2018-07-08 15:50:54'),
(190, 'https://lorempixel.com/250/250/?37617', 0, 38, '2018-07-08 15:50:54', '2018-07-08 15:50:54'),
(191, 'https://lorempixel.com/250/250/?56214', 0, 39, '2018-07-08 15:50:54', '2018-07-08 15:50:54'),
(192, 'https://lorempixel.com/250/250/?95604', 0, 39, '2018-07-08 15:50:54', '2018-07-08 15:50:54'),
(193, 'https://lorempixel.com/250/250/?69037', 0, 39, '2018-07-08 15:50:54', '2018-07-08 15:50:54'),
(194, 'https://lorempixel.com/250/250/?76718', 0, 39, '2018-07-08 15:50:54', '2018-07-08 15:50:54'),
(195, 'https://lorempixel.com/250/250/?16858', 0, 39, '2018-07-08 15:50:54', '2018-07-08 15:50:54'),
(196, 'https://lorempixel.com/250/250/?75566', 0, 40, '2018-07-08 15:50:54', '2018-07-08 15:50:54'),
(197, 'https://lorempixel.com/250/250/?67549', 0, 40, '2018-07-08 15:50:54', '2018-07-08 15:50:54'),
(198, 'https://lorempixel.com/250/250/?61766', 0, 40, '2018-07-08 15:50:54', '2018-07-08 15:50:54'),
(199, 'https://lorempixel.com/250/250/?82091', 0, 40, '2018-07-08 15:50:54', '2018-07-08 15:50:54'),
(200, 'https://lorempixel.com/250/250/?46866', 0, 40, '2018-07-08 15:50:54', '2018-07-08 15:50:54'),
(201, 'https://lorempixel.com/250/250/?39283', 0, 41, '2018-07-08 15:50:55', '2018-07-08 15:50:55'),
(202, 'https://lorempixel.com/250/250/?14743', 0, 41, '2018-07-08 15:50:55', '2018-07-08 15:50:55'),
(203, 'https://lorempixel.com/250/250/?40972', 0, 41, '2018-07-08 15:50:55', '2018-07-08 15:50:55'),
(204, 'https://lorempixel.com/250/250/?53012', 0, 41, '2018-07-08 15:50:55', '2018-07-08 15:50:55'),
(205, 'https://lorempixel.com/250/250/?39315', 0, 41, '2018-07-08 15:50:55', '2018-07-08 15:50:55'),
(206, 'https://lorempixel.com/250/250/?62229', 0, 42, '2018-07-08 15:50:55', '2018-07-08 15:50:55'),
(207, 'https://lorempixel.com/250/250/?90647', 0, 42, '2018-07-08 15:50:55', '2018-07-08 15:50:55'),
(208, 'https://lorempixel.com/250/250/?51361', 0, 42, '2018-07-08 15:50:55', '2018-07-08 15:50:55'),
(209, 'https://lorempixel.com/250/250/?79460', 0, 42, '2018-07-08 15:50:55', '2018-07-08 15:50:55'),
(210, 'https://lorempixel.com/250/250/?32332', 0, 42, '2018-07-08 15:50:55', '2018-07-08 15:50:55'),
(211, 'https://lorempixel.com/250/250/?43650', 0, 43, '2018-07-08 15:50:55', '2018-07-08 15:50:55'),
(212, 'https://lorempixel.com/250/250/?67965', 0, 43, '2018-07-08 15:50:55', '2018-07-08 15:50:55'),
(213, 'https://lorempixel.com/250/250/?75839', 0, 43, '2018-07-08 15:50:55', '2018-07-08 15:50:55'),
(214, 'https://lorempixel.com/250/250/?80021', 0, 43, '2018-07-08 15:50:55', '2018-07-08 15:50:55'),
(215, 'https://lorempixel.com/250/250/?60430', 0, 43, '2018-07-08 15:50:55', '2018-07-08 15:50:55'),
(216, 'https://lorempixel.com/250/250/?74780', 0, 44, '2018-07-08 15:50:55', '2018-07-08 15:50:55'),
(217, 'https://lorempixel.com/250/250/?40308', 0, 44, '2018-07-08 15:50:55', '2018-07-08 15:50:55'),
(218, 'https://lorempixel.com/250/250/?57553', 0, 44, '2018-07-08 15:50:55', '2018-07-08 15:50:55'),
(219, 'https://lorempixel.com/250/250/?26153', 0, 44, '2018-07-08 15:50:55', '2018-07-08 15:50:55'),
(220, 'https://lorempixel.com/250/250/?36448', 0, 44, '2018-07-08 15:50:55', '2018-07-08 15:50:55'),
(221, 'https://lorempixel.com/250/250/?23817', 0, 45, '2018-07-08 15:50:55', '2018-07-08 15:50:55'),
(222, 'https://lorempixel.com/250/250/?57785', 0, 45, '2018-07-08 15:50:55', '2018-07-08 15:50:55'),
(223, 'https://lorempixel.com/250/250/?23250', 0, 45, '2018-07-08 15:50:55', '2018-07-08 15:50:55'),
(224, 'https://lorempixel.com/250/250/?73475', 0, 45, '2018-07-08 15:50:55', '2018-07-08 15:50:55'),
(225, 'https://lorempixel.com/250/250/?59836', 0, 45, '2018-07-08 15:50:55', '2018-07-08 15:50:55'),
(226, 'https://lorempixel.com/250/250/?97823', 0, 46, '2018-07-08 15:50:55', '2018-07-08 15:50:55'),
(227, 'https://lorempixel.com/250/250/?36687', 0, 46, '2018-07-08 15:50:55', '2018-07-08 15:50:55'),
(228, 'https://lorempixel.com/250/250/?56608', 0, 46, '2018-07-08 15:50:55', '2018-07-08 15:50:55'),
(229, 'https://lorempixel.com/250/250/?56849', 0, 46, '2018-07-08 15:50:55', '2018-07-08 15:50:55'),
(230, 'https://lorempixel.com/250/250/?16781', 0, 46, '2018-07-08 15:50:55', '2018-07-08 15:50:55'),
(231, 'https://lorempixel.com/250/250/?14431', 0, 47, '2018-07-08 15:50:55', '2018-07-08 15:50:55'),
(232, 'https://lorempixel.com/250/250/?39466', 0, 47, '2018-07-08 15:50:55', '2018-07-08 15:50:55'),
(233, 'https://lorempixel.com/250/250/?58966', 0, 47, '2018-07-08 15:50:55', '2018-07-08 15:50:55'),
(234, 'https://lorempixel.com/250/250/?70250', 0, 47, '2018-07-08 15:50:55', '2018-07-08 15:50:55'),
(235, 'https://lorempixel.com/250/250/?29742', 0, 47, '2018-07-08 15:50:55', '2018-07-08 15:50:55'),
(236, 'https://lorempixel.com/250/250/?26242', 0, 48, '2018-07-08 15:50:55', '2018-07-08 15:50:55'),
(237, 'https://lorempixel.com/250/250/?68091', 0, 48, '2018-07-08 15:50:55', '2018-07-08 15:50:55'),
(238, 'https://lorempixel.com/250/250/?68800', 0, 48, '2018-07-08 15:50:55', '2018-07-08 15:50:55'),
(239, 'https://lorempixel.com/250/250/?87924', 0, 48, '2018-07-08 15:50:55', '2018-07-08 15:50:55'),
(240, 'https://lorempixel.com/250/250/?75480', 0, 48, '2018-07-08 15:50:55', '2018-07-08 15:50:55'),
(241, 'https://lorempixel.com/250/250/?99275', 0, 49, '2018-07-08 15:50:55', '2018-07-08 15:50:55'),
(242, 'https://lorempixel.com/250/250/?25094', 0, 49, '2018-07-08 15:50:55', '2018-07-08 15:50:55'),
(243, 'https://lorempixel.com/250/250/?25283', 0, 49, '2018-07-08 15:50:55', '2018-07-08 15:50:55'),
(244, 'https://lorempixel.com/250/250/?49397', 0, 49, '2018-07-08 15:50:55', '2018-07-08 15:50:55'),
(245, 'https://lorempixel.com/250/250/?79506', 0, 49, '2018-07-08 15:50:55', '2018-07-08 15:50:55'),
(246, 'https://lorempixel.com/250/250/?72492', 0, 50, '2018-07-08 15:50:55', '2018-07-08 15:50:55'),
(247, 'https://lorempixel.com/250/250/?91366', 0, 50, '2018-07-08 15:50:55', '2018-07-08 15:50:55'),
(248, 'https://lorempixel.com/250/250/?58545', 0, 50, '2018-07-08 15:50:55', '2018-07-08 15:50:55'),
(249, 'https://lorempixel.com/250/250/?52444', 0, 50, '2018-07-08 15:50:55', '2018-07-08 15:50:55'),
(250, 'https://lorempixel.com/250/250/?24050', 0, 50, '2018-07-08 15:50:55', '2018-07-08 15:50:55'),
(251, 'https://lorempixel.com/250/250/?22945', 0, 51, '2018-07-08 15:50:55', '2018-07-08 15:50:55'),
(252, 'https://lorempixel.com/250/250/?34112', 0, 51, '2018-07-08 15:50:55', '2018-07-08 15:50:55'),
(253, 'https://lorempixel.com/250/250/?60744', 0, 51, '2018-07-08 15:50:55', '2018-07-08 15:50:55'),
(254, 'https://lorempixel.com/250/250/?51824', 0, 51, '2018-07-08 15:50:55', '2018-07-08 15:50:55'),
(255, 'https://lorempixel.com/250/250/?32861', 0, 51, '2018-07-08 15:50:55', '2018-07-08 15:50:55'),
(256, 'https://lorempixel.com/250/250/?65158', 0, 52, '2018-07-08 15:50:55', '2018-07-08 15:50:55'),
(257, 'https://lorempixel.com/250/250/?28580', 0, 52, '2018-07-08 15:50:55', '2018-07-08 15:50:55'),
(258, 'https://lorempixel.com/250/250/?15959', 0, 52, '2018-07-08 15:50:55', '2018-07-08 15:50:55'),
(259, 'https://lorempixel.com/250/250/?40894', 0, 52, '2018-07-08 15:50:55', '2018-07-08 15:50:55'),
(260, 'https://lorempixel.com/250/250/?31952', 0, 52, '2018-07-08 15:50:55', '2018-07-08 15:50:55'),
(261, 'https://lorempixel.com/250/250/?25469', 0, 53, '2018-07-08 15:50:55', '2018-07-08 15:50:55'),
(262, 'https://lorempixel.com/250/250/?21147', 0, 53, '2018-07-08 15:50:55', '2018-07-08 15:50:55'),
(263, 'https://lorempixel.com/250/250/?41129', 0, 53, '2018-07-08 15:50:55', '2018-07-08 15:50:55'),
(264, 'https://lorempixel.com/250/250/?44747', 0, 53, '2018-07-08 15:50:55', '2018-07-08 15:50:55'),
(265, 'https://lorempixel.com/250/250/?26510', 0, 53, '2018-07-08 15:50:55', '2018-07-08 15:50:55'),
(266, 'https://lorempixel.com/250/250/?54976', 0, 54, '2018-07-08 15:50:55', '2018-07-08 15:50:55'),
(267, 'https://lorempixel.com/250/250/?80153', 0, 54, '2018-07-08 15:50:55', '2018-07-08 15:50:55'),
(268, 'https://lorempixel.com/250/250/?33854', 0, 54, '2018-07-08 15:50:55', '2018-07-08 15:50:55'),
(269, 'https://lorempixel.com/250/250/?27166', 0, 54, '2018-07-08 15:50:55', '2018-07-08 15:50:55'),
(270, 'https://lorempixel.com/250/250/?76794', 0, 54, '2018-07-08 15:50:55', '2018-07-08 15:50:55'),
(271, 'https://lorempixel.com/250/250/?58734', 0, 55, '2018-07-08 15:50:55', '2018-07-08 15:50:55'),
(272, 'https://lorempixel.com/250/250/?17212', 0, 55, '2018-07-08 15:50:55', '2018-07-08 15:50:55'),
(273, 'https://lorempixel.com/250/250/?75287', 0, 55, '2018-07-08 15:50:55', '2018-07-08 15:50:55'),
(274, 'https://lorempixel.com/250/250/?26573', 0, 55, '2018-07-08 15:50:55', '2018-07-08 15:50:55'),
(275, 'https://lorempixel.com/250/250/?52664', 0, 55, '2018-07-08 15:50:55', '2018-07-08 15:50:55'),
(276, 'https://lorempixel.com/250/250/?10253', 0, 56, '2018-07-08 15:50:55', '2018-07-08 15:50:55'),
(277, 'https://lorempixel.com/250/250/?50591', 0, 56, '2018-07-08 15:50:55', '2018-07-08 15:50:55'),
(278, 'https://lorempixel.com/250/250/?13474', 0, 56, '2018-07-08 15:50:55', '2018-07-08 15:50:55'),
(279, 'https://lorempixel.com/250/250/?59636', 0, 56, '2018-07-08 15:50:55', '2018-07-08 15:50:55'),
(280, 'https://lorempixel.com/250/250/?24177', 0, 56, '2018-07-08 15:50:55', '2018-07-08 15:50:55'),
(281, 'https://lorempixel.com/250/250/?37619', 0, 57, '2018-07-08 15:50:55', '2018-07-08 15:50:55'),
(282, 'https://lorempixel.com/250/250/?33986', 0, 57, '2018-07-08 15:50:55', '2018-07-08 15:50:55'),
(283, 'https://lorempixel.com/250/250/?18486', 0, 57, '2018-07-08 15:50:55', '2018-07-08 15:50:55'),
(284, 'https://lorempixel.com/250/250/?62921', 0, 57, '2018-07-08 15:50:55', '2018-07-08 15:50:55'),
(285, 'https://lorempixel.com/250/250/?81582', 0, 57, '2018-07-08 15:50:55', '2018-07-08 15:50:55'),
(286, 'https://lorempixel.com/250/250/?78151', 0, 58, '2018-07-08 15:50:55', '2018-07-08 15:50:55'),
(287, 'https://lorempixel.com/250/250/?22363', 0, 58, '2018-07-08 15:50:55', '2018-07-08 15:50:55'),
(288, 'https://lorempixel.com/250/250/?54175', 0, 58, '2018-07-08 15:50:55', '2018-07-08 15:50:55'),
(289, 'https://lorempixel.com/250/250/?79717', 0, 58, '2018-07-08 15:50:55', '2018-07-08 15:50:55'),
(290, 'https://lorempixel.com/250/250/?20083', 0, 58, '2018-07-08 15:50:55', '2018-07-08 15:50:55'),
(291, 'https://lorempixel.com/250/250/?46828', 0, 59, '2018-07-08 15:50:55', '2018-07-08 15:50:55'),
(292, 'https://lorempixel.com/250/250/?92779', 0, 59, '2018-07-08 15:50:55', '2018-07-08 15:50:55'),
(293, 'https://lorempixel.com/250/250/?25123', 0, 59, '2018-07-08 15:50:55', '2018-07-08 15:50:55'),
(294, 'https://lorempixel.com/250/250/?13405', 0, 59, '2018-07-08 15:50:55', '2018-07-08 15:50:55'),
(295, 'https://lorempixel.com/250/250/?77114', 0, 59, '2018-07-08 15:50:55', '2018-07-08 15:50:55'),
(296, 'https://lorempixel.com/250/250/?16092', 0, 60, '2018-07-08 15:50:55', '2018-07-08 15:50:55'),
(297, 'https://lorempixel.com/250/250/?35752', 0, 60, '2018-07-08 15:50:55', '2018-07-08 15:50:55'),
(298, 'https://lorempixel.com/250/250/?53714', 0, 60, '2018-07-08 15:50:55', '2018-07-08 15:50:55'),
(299, 'https://lorempixel.com/250/250/?19760', 0, 60, '2018-07-08 15:50:55', '2018-07-08 15:50:55'),
(300, 'https://lorempixel.com/250/250/?97480', 0, 60, '2018-07-08 15:50:55', '2018-07-08 15:50:55'),
(301, 'https://lorempixel.com/250/250/?26377', 0, 61, '2018-07-08 15:50:56', '2018-07-08 15:50:56'),
(302, 'https://lorempixel.com/250/250/?65328', 0, 61, '2018-07-08 15:50:56', '2018-07-08 15:50:56'),
(303, 'https://lorempixel.com/250/250/?46000', 0, 61, '2018-07-08 15:50:56', '2018-07-08 15:50:56'),
(304, 'https://lorempixel.com/250/250/?61742', 0, 61, '2018-07-08 15:50:56', '2018-07-08 15:50:56'),
(305, 'https://lorempixel.com/250/250/?90770', 0, 61, '2018-07-08 15:50:56', '2018-07-08 15:50:56'),
(306, 'https://lorempixel.com/250/250/?62409', 0, 62, '2018-07-08 15:50:56', '2018-07-08 15:50:56'),
(307, 'https://lorempixel.com/250/250/?53047', 0, 62, '2018-07-08 15:50:56', '2018-07-08 15:50:56'),
(308, 'https://lorempixel.com/250/250/?52354', 0, 62, '2018-07-08 15:50:56', '2018-07-08 15:50:56'),
(309, 'https://lorempixel.com/250/250/?94754', 0, 62, '2018-07-08 15:50:56', '2018-07-08 15:50:56'),
(310, 'https://lorempixel.com/250/250/?63343', 0, 62, '2018-07-08 15:50:56', '2018-07-08 15:50:56'),
(311, 'https://lorempixel.com/250/250/?49463', 0, 63, '2018-07-08 15:50:56', '2018-07-08 15:50:56'),
(312, 'https://lorempixel.com/250/250/?44334', 0, 63, '2018-07-08 15:50:56', '2018-07-08 15:50:56'),
(313, 'https://lorempixel.com/250/250/?29406', 0, 63, '2018-07-08 15:50:56', '2018-07-08 15:50:56'),
(314, 'https://lorempixel.com/250/250/?37813', 0, 63, '2018-07-08 15:50:56', '2018-07-08 15:50:56'),
(315, 'https://lorempixel.com/250/250/?26632', 0, 63, '2018-07-08 15:50:56', '2018-07-08 15:50:56'),
(316, 'https://lorempixel.com/250/250/?62336', 0, 64, '2018-07-08 15:50:56', '2018-07-08 15:50:56'),
(317, 'https://lorempixel.com/250/250/?27175', 0, 64, '2018-07-08 15:50:56', '2018-07-08 15:50:56'),
(318, 'https://lorempixel.com/250/250/?48591', 0, 64, '2018-07-08 15:50:56', '2018-07-08 15:50:56'),
(319, 'https://lorempixel.com/250/250/?54378', 0, 64, '2018-07-08 15:50:56', '2018-07-08 15:50:56'),
(320, 'https://lorempixel.com/250/250/?29916', 0, 64, '2018-07-08 15:50:56', '2018-07-08 15:50:56'),
(321, 'https://lorempixel.com/250/250/?35723', 0, 65, '2018-07-08 15:50:56', '2018-07-08 15:50:56'),
(322, 'https://lorempixel.com/250/250/?89832', 0, 65, '2018-07-08 15:50:56', '2018-07-08 15:50:56'),
(323, 'https://lorempixel.com/250/250/?45198', 0, 65, '2018-07-08 15:50:56', '2018-07-08 15:50:56'),
(324, 'https://lorempixel.com/250/250/?50772', 0, 65, '2018-07-08 15:50:56', '2018-07-08 15:50:56'),
(325, 'https://lorempixel.com/250/250/?28083', 0, 65, '2018-07-08 15:50:56', '2018-07-08 15:50:56'),
(326, 'https://lorempixel.com/250/250/?46981', 0, 66, '2018-07-08 15:50:56', '2018-07-08 15:50:56'),
(327, 'https://lorempixel.com/250/250/?27954', 0, 66, '2018-07-08 15:50:56', '2018-07-08 15:50:56'),
(328, 'https://lorempixel.com/250/250/?70164', 0, 66, '2018-07-08 15:50:56', '2018-07-08 15:50:56'),
(329, 'https://lorempixel.com/250/250/?58040', 0, 66, '2018-07-08 15:50:56', '2018-07-08 15:50:56'),
(330, 'https://lorempixel.com/250/250/?28768', 0, 66, '2018-07-08 15:50:56', '2018-07-08 15:50:56'),
(331, 'https://lorempixel.com/250/250/?99314', 0, 67, '2018-07-08 15:50:56', '2018-07-08 15:50:56'),
(332, 'https://lorempixel.com/250/250/?70257', 0, 67, '2018-07-08 15:50:56', '2018-07-08 15:50:56'),
(333, 'https://lorempixel.com/250/250/?17407', 0, 67, '2018-07-08 15:50:56', '2018-07-08 15:50:56'),
(334, 'https://lorempixel.com/250/250/?12272', 0, 67, '2018-07-08 15:50:56', '2018-07-08 15:50:56'),
(335, 'https://lorempixel.com/250/250/?52743', 0, 67, '2018-07-08 15:50:56', '2018-07-08 15:50:56'),
(336, 'https://lorempixel.com/250/250/?76657', 0, 68, '2018-07-08 15:50:56', '2018-07-08 15:50:56'),
(337, 'https://lorempixel.com/250/250/?13089', 0, 68, '2018-07-08 15:50:56', '2018-07-08 15:50:56'),
(338, 'https://lorempixel.com/250/250/?91024', 0, 68, '2018-07-08 15:50:56', '2018-07-08 15:50:56'),
(339, 'https://lorempixel.com/250/250/?72810', 0, 68, '2018-07-08 15:50:56', '2018-07-08 15:50:56'),
(340, 'https://lorempixel.com/250/250/?75016', 0, 68, '2018-07-08 15:50:56', '2018-07-08 15:50:56'),
(341, 'https://lorempixel.com/250/250/?93772', 0, 69, '2018-07-08 15:50:56', '2018-07-08 15:50:56'),
(342, 'https://lorempixel.com/250/250/?15007', 0, 69, '2018-07-08 15:50:56', '2018-07-08 15:50:56'),
(343, 'https://lorempixel.com/250/250/?55014', 0, 69, '2018-07-08 15:50:56', '2018-07-08 15:50:56'),
(344, 'https://lorempixel.com/250/250/?81320', 0, 69, '2018-07-08 15:50:56', '2018-07-08 15:50:56'),
(345, 'https://lorempixel.com/250/250/?55022', 0, 69, '2018-07-08 15:50:56', '2018-07-08 15:50:56'),
(346, 'https://lorempixel.com/250/250/?36432', 0, 70, '2018-07-08 15:50:56', '2018-07-08 15:50:56'),
(347, 'https://lorempixel.com/250/250/?36823', 0, 70, '2018-07-08 15:50:56', '2018-07-08 15:50:56'),
(348, 'https://lorempixel.com/250/250/?90773', 0, 70, '2018-07-08 15:50:56', '2018-07-08 15:50:56'),
(349, 'https://lorempixel.com/250/250/?48089', 0, 70, '2018-07-08 15:50:56', '2018-07-08 15:50:56'),
(350, 'https://lorempixel.com/250/250/?43728', 0, 70, '2018-07-08 15:50:56', '2018-07-08 15:50:56'),
(351, 'https://lorempixel.com/250/250/?92300', 0, 71, '2018-07-08 15:50:56', '2018-07-08 15:50:56'),
(352, 'https://lorempixel.com/250/250/?95019', 0, 71, '2018-07-08 15:50:56', '2018-07-08 15:50:56'),
(353, 'https://lorempixel.com/250/250/?84494', 0, 71, '2018-07-08 15:50:56', '2018-07-08 15:50:56'),
(354, 'https://lorempixel.com/250/250/?14357', 0, 71, '2018-07-08 15:50:56', '2018-07-08 15:50:56'),
(355, 'https://lorempixel.com/250/250/?90188', 0, 71, '2018-07-08 15:50:56', '2018-07-08 15:50:56'),
(356, 'https://lorempixel.com/250/250/?88833', 0, 72, '2018-07-08 15:50:56', '2018-07-08 15:50:56'),
(357, 'https://lorempixel.com/250/250/?59048', 0, 72, '2018-07-08 15:50:56', '2018-07-08 15:50:56'),
(358, 'https://lorempixel.com/250/250/?96362', 0, 72, '2018-07-08 15:50:56', '2018-07-08 15:50:56'),
(359, 'https://lorempixel.com/250/250/?32569', 0, 72, '2018-07-08 15:50:56', '2018-07-08 15:50:56'),
(360, 'https://lorempixel.com/250/250/?64645', 0, 72, '2018-07-08 15:50:56', '2018-07-08 15:50:56'),
(361, 'https://lorempixel.com/250/250/?37595', 0, 73, '2018-07-08 15:50:56', '2018-07-08 15:50:56'),
(362, 'https://lorempixel.com/250/250/?64715', 0, 73, '2018-07-08 15:50:56', '2018-07-08 15:50:56'),
(363, 'https://lorempixel.com/250/250/?24436', 0, 73, '2018-07-08 15:50:56', '2018-07-08 15:50:56'),
(364, 'https://lorempixel.com/250/250/?19079', 0, 73, '2018-07-08 15:50:56', '2018-07-08 15:50:56'),
(365, 'https://lorempixel.com/250/250/?98003', 0, 73, '2018-07-08 15:50:56', '2018-07-08 15:50:56'),
(366, 'https://lorempixel.com/250/250/?81813', 0, 74, '2018-07-08 15:50:56', '2018-07-08 15:50:56'),
(367, 'https://lorempixel.com/250/250/?96403', 0, 74, '2018-07-08 15:50:56', '2018-07-08 15:50:56'),
(368, 'https://lorempixel.com/250/250/?87366', 0, 74, '2018-07-08 15:50:56', '2018-07-08 15:50:56'),
(369, 'https://lorempixel.com/250/250/?33096', 0, 74, '2018-07-08 15:50:56', '2018-07-08 15:50:56'),
(370, 'https://lorempixel.com/250/250/?50061', 0, 74, '2018-07-08 15:50:56', '2018-07-08 15:50:56'),
(371, 'https://lorempixel.com/250/250/?16905', 0, 75, '2018-07-08 15:50:56', '2018-07-08 15:50:56'),
(372, 'https://lorempixel.com/250/250/?85689', 0, 75, '2018-07-08 15:50:56', '2018-07-08 15:50:56'),
(373, 'https://lorempixel.com/250/250/?49383', 0, 75, '2018-07-08 15:50:56', '2018-07-08 15:50:56'),
(374, 'https://lorempixel.com/250/250/?15958', 0, 75, '2018-07-08 15:50:56', '2018-07-08 15:50:56'),
(375, 'https://lorempixel.com/250/250/?76800', 0, 75, '2018-07-08 15:50:56', '2018-07-08 15:50:56'),
(376, 'https://lorempixel.com/250/250/?40052', 0, 76, '2018-07-08 15:50:56', '2018-07-08 15:50:56'),
(377, 'https://lorempixel.com/250/250/?12711', 0, 76, '2018-07-08 15:50:56', '2018-07-08 15:50:56'),
(378, 'https://lorempixel.com/250/250/?75931', 0, 76, '2018-07-08 15:50:56', '2018-07-08 15:50:56'),
(379, 'https://lorempixel.com/250/250/?54014', 0, 76, '2018-07-08 15:50:56', '2018-07-08 15:50:56'),
(380, 'https://lorempixel.com/250/250/?76513', 0, 76, '2018-07-08 15:50:56', '2018-07-08 15:50:56'),
(381, 'https://lorempixel.com/250/250/?33743', 0, 77, '2018-07-08 15:50:56', '2018-07-08 15:50:56'),
(382, 'https://lorempixel.com/250/250/?79092', 0, 77, '2018-07-08 15:50:56', '2018-07-08 15:50:56'),
(383, 'https://lorempixel.com/250/250/?34108', 0, 77, '2018-07-08 15:50:56', '2018-07-08 15:50:56'),
(384, 'https://lorempixel.com/250/250/?15408', 0, 77, '2018-07-08 15:50:56', '2018-07-08 15:50:56'),
(385, 'https://lorempixel.com/250/250/?25423', 0, 77, '2018-07-08 15:50:56', '2018-07-08 15:50:56'),
(386, 'https://lorempixel.com/250/250/?93824', 0, 78, '2018-07-08 15:50:57', '2018-07-08 15:50:57'),
(387, 'https://lorempixel.com/250/250/?19657', 0, 78, '2018-07-08 15:50:57', '2018-07-08 15:50:57'),
(388, 'https://lorempixel.com/250/250/?95916', 0, 78, '2018-07-08 15:50:57', '2018-07-08 15:50:57'),
(389, 'https://lorempixel.com/250/250/?11354', 0, 78, '2018-07-08 15:50:57', '2018-07-08 15:50:57'),
(390, 'https://lorempixel.com/250/250/?14842', 0, 78, '2018-07-08 15:50:57', '2018-07-08 15:50:57'),
(391, 'https://lorempixel.com/250/250/?38935', 0, 79, '2018-07-08 15:50:57', '2018-07-08 15:50:57'),
(392, 'https://lorempixel.com/250/250/?67181', 0, 79, '2018-07-08 15:50:57', '2018-07-08 15:50:57'),
(393, 'https://lorempixel.com/250/250/?11859', 0, 79, '2018-07-08 15:50:57', '2018-07-08 15:50:57'),
(394, 'https://lorempixel.com/250/250/?79177', 0, 79, '2018-07-08 15:50:57', '2018-07-08 15:50:57'),
(395, 'https://lorempixel.com/250/250/?63746', 0, 79, '2018-07-08 15:50:57', '2018-07-08 15:50:57'),
(396, 'https://lorempixel.com/250/250/?70528', 0, 80, '2018-07-08 15:50:57', '2018-07-08 15:50:57'),
(397, 'https://lorempixel.com/250/250/?85904', 0, 80, '2018-07-08 15:50:57', '2018-07-08 15:50:57'),
(398, 'https://lorempixel.com/250/250/?38382', 0, 80, '2018-07-08 15:50:57', '2018-07-08 15:50:57'),
(399, 'https://lorempixel.com/250/250/?85947', 0, 80, '2018-07-08 15:50:57', '2018-07-08 15:50:57'),
(400, 'https://lorempixel.com/250/250/?37309', 0, 80, '2018-07-08 15:50:57', '2018-07-08 15:50:57'),
(401, 'https://lorempixel.com/250/250/?55699', 0, 81, '2018-07-08 15:50:57', '2018-07-08 15:50:57'),
(402, 'https://lorempixel.com/250/250/?85886', 0, 81, '2018-07-08 15:50:57', '2018-07-08 15:50:57'),
(403, 'https://lorempixel.com/250/250/?89729', 0, 81, '2018-07-08 15:50:57', '2018-07-08 15:50:57'),
(404, 'https://lorempixel.com/250/250/?30282', 0, 81, '2018-07-08 15:50:57', '2018-07-08 15:50:57'),
(405, 'https://lorempixel.com/250/250/?13083', 0, 81, '2018-07-08 15:50:57', '2018-07-08 15:50:57'),
(406, 'https://lorempixel.com/250/250/?39398', 0, 82, '2018-07-08 15:50:57', '2018-07-08 15:50:57'),
(407, 'https://lorempixel.com/250/250/?94635', 0, 82, '2018-07-08 15:50:57', '2018-07-08 15:50:57'),
(408, 'https://lorempixel.com/250/250/?20776', 0, 82, '2018-07-08 15:50:57', '2018-07-08 15:50:57'),
(409, 'https://lorempixel.com/250/250/?68413', 0, 82, '2018-07-08 15:50:57', '2018-07-08 15:50:57'),
(410, 'https://lorempixel.com/250/250/?29149', 0, 82, '2018-07-08 15:50:57', '2018-07-08 15:50:57'),
(411, 'https://lorempixel.com/250/250/?45356', 0, 83, '2018-07-08 15:50:57', '2018-07-08 15:50:57'),
(412, 'https://lorempixel.com/250/250/?74344', 0, 83, '2018-07-08 15:50:57', '2018-07-08 15:50:57'),
(413, 'https://lorempixel.com/250/250/?98281', 0, 83, '2018-07-08 15:50:57', '2018-07-08 15:50:57'),
(414, 'https://lorempixel.com/250/250/?97155', 0, 83, '2018-07-08 15:50:57', '2018-07-08 15:50:57'),
(415, 'https://lorempixel.com/250/250/?33540', 0, 83, '2018-07-08 15:50:57', '2018-07-08 15:50:57'),
(416, 'https://lorempixel.com/250/250/?21511', 0, 84, '2018-07-08 15:50:57', '2018-07-08 15:50:57'),
(417, 'https://lorempixel.com/250/250/?76596', 0, 84, '2018-07-08 15:50:57', '2018-07-08 15:50:57'),
(418, 'https://lorempixel.com/250/250/?55072', 0, 84, '2018-07-08 15:50:57', '2018-07-08 15:50:57'),
(419, 'https://lorempixel.com/250/250/?13068', 0, 84, '2018-07-08 15:50:57', '2018-07-08 15:50:57'),
(420, 'https://lorempixel.com/250/250/?47187', 0, 84, '2018-07-08 15:50:57', '2018-07-08 15:50:57'),
(421, 'https://lorempixel.com/250/250/?82393', 0, 85, '2018-07-08 15:50:57', '2018-07-08 15:50:57'),
(422, 'https://lorempixel.com/250/250/?61154', 0, 85, '2018-07-08 15:50:57', '2018-07-08 15:50:57'),
(423, 'https://lorempixel.com/250/250/?98771', 0, 85, '2018-07-08 15:50:57', '2018-07-08 15:50:57'),
(424, 'https://lorempixel.com/250/250/?71582', 0, 85, '2018-07-08 15:50:57', '2018-07-08 15:50:57'),
(425, 'https://lorempixel.com/250/250/?11568', 0, 85, '2018-07-08 15:50:57', '2018-07-08 15:50:57'),
(426, 'https://lorempixel.com/250/250/?23469', 0, 86, '2018-07-08 15:50:57', '2018-07-08 15:50:57'),
(427, 'https://lorempixel.com/250/250/?35027', 0, 86, '2018-07-08 15:50:57', '2018-07-08 15:50:57'),
(428, 'https://lorempixel.com/250/250/?82330', 0, 86, '2018-07-08 15:50:57', '2018-07-08 15:50:57'),
(429, 'https://lorempixel.com/250/250/?64348', 0, 86, '2018-07-08 15:50:57', '2018-07-08 15:50:57'),
(430, 'https://lorempixel.com/250/250/?85705', 0, 86, '2018-07-08 15:50:57', '2018-07-08 15:50:57'),
(431, 'https://lorempixel.com/250/250/?68029', 0, 87, '2018-07-08 15:50:57', '2018-07-08 15:50:57'),
(432, 'https://lorempixel.com/250/250/?67243', 0, 87, '2018-07-08 15:50:57', '2018-07-08 15:50:57'),
(433, 'https://lorempixel.com/250/250/?86353', 0, 87, '2018-07-08 15:50:57', '2018-07-08 15:50:57'),
(434, 'https://lorempixel.com/250/250/?76898', 0, 87, '2018-07-08 15:50:57', '2018-07-08 15:50:57'),
(435, 'https://lorempixel.com/250/250/?56570', 0, 87, '2018-07-08 15:50:57', '2018-07-08 15:50:57'),
(436, 'https://lorempixel.com/250/250/?10966', 0, 88, '2018-07-08 15:50:57', '2018-07-08 15:50:57'),
(437, 'https://lorempixel.com/250/250/?79660', 0, 88, '2018-07-08 15:50:57', '2018-07-08 15:50:57'),
(438, 'https://lorempixel.com/250/250/?48621', 0, 88, '2018-07-08 15:50:57', '2018-07-08 15:50:57'),
(439, 'https://lorempixel.com/250/250/?36337', 0, 88, '2018-07-08 15:50:57', '2018-07-08 15:50:57'),
(440, 'https://lorempixel.com/250/250/?37286', 0, 88, '2018-07-08 15:50:57', '2018-07-08 15:50:57'),
(441, 'https://lorempixel.com/250/250/?97363', 0, 89, '2018-07-08 15:50:57', '2018-07-08 15:50:57'),
(442, 'https://lorempixel.com/250/250/?39272', 0, 89, '2018-07-08 15:50:57', '2018-07-08 15:50:57'),
(443, 'https://lorempixel.com/250/250/?59927', 0, 89, '2018-07-08 15:50:57', '2018-07-08 15:50:57'),
(444, 'https://lorempixel.com/250/250/?79242', 0, 89, '2018-07-08 15:50:57', '2018-07-08 15:50:57'),
(445, 'https://lorempixel.com/250/250/?11325', 0, 89, '2018-07-08 15:50:57', '2018-07-08 15:50:57'),
(446, 'https://lorempixel.com/250/250/?62220', 0, 90, '2018-07-08 15:50:57', '2018-07-08 15:50:57'),
(447, 'https://lorempixel.com/250/250/?69884', 0, 90, '2018-07-08 15:50:57', '2018-07-08 15:50:57'),
(448, 'https://lorempixel.com/250/250/?33272', 0, 90, '2018-07-08 15:50:57', '2018-07-08 15:50:57'),
(449, 'https://lorempixel.com/250/250/?93818', 0, 90, '2018-07-08 15:50:57', '2018-07-08 15:50:57'),
(450, 'https://lorempixel.com/250/250/?63505', 0, 90, '2018-07-08 15:50:57', '2018-07-08 15:50:57'),
(451, 'https://lorempixel.com/250/250/?37290', 0, 91, '2018-07-08 15:50:57', '2018-07-08 15:50:57'),
(452, 'https://lorempixel.com/250/250/?31497', 0, 91, '2018-07-08 15:50:57', '2018-07-08 15:50:57'),
(453, 'https://lorempixel.com/250/250/?26152', 0, 91, '2018-07-08 15:50:57', '2018-07-08 15:50:57'),
(454, 'https://lorempixel.com/250/250/?93020', 0, 91, '2018-07-08 15:50:57', '2018-07-08 15:50:57'),
(455, 'https://lorempixel.com/250/250/?69628', 0, 91, '2018-07-08 15:50:57', '2018-07-08 15:50:57'),
(456, 'https://lorempixel.com/250/250/?21332', 0, 92, '2018-07-08 15:50:57', '2018-07-08 15:50:57'),
(457, 'https://lorempixel.com/250/250/?29504', 0, 92, '2018-07-08 15:50:57', '2018-07-08 15:50:57'),
(458, 'https://lorempixel.com/250/250/?91124', 0, 92, '2018-07-08 15:50:57', '2018-07-08 15:50:57'),
(459, 'https://lorempixel.com/250/250/?26561', 0, 92, '2018-07-08 15:50:57', '2018-07-08 15:50:57'),
(460, 'https://lorempixel.com/250/250/?41809', 0, 92, '2018-07-08 15:50:57', '2018-07-08 15:50:57'),
(461, 'https://lorempixel.com/250/250/?18122', 0, 93, '2018-07-08 15:50:57', '2018-07-08 15:50:57'),
(462, 'https://lorempixel.com/250/250/?41235', 0, 93, '2018-07-08 15:50:57', '2018-07-08 15:50:57'),
(463, 'https://lorempixel.com/250/250/?68581', 0, 93, '2018-07-08 15:50:57', '2018-07-08 15:50:57'),
(464, 'https://lorempixel.com/250/250/?30636', 0, 93, '2018-07-08 15:50:58', '2018-07-08 15:50:58'),
(465, 'https://lorempixel.com/250/250/?98558', 0, 93, '2018-07-08 15:50:58', '2018-07-08 15:50:58'),
(466, 'https://lorempixel.com/250/250/?55780', 0, 94, '2018-07-08 15:50:58', '2018-07-08 15:50:58'),
(467, 'https://lorempixel.com/250/250/?70664', 0, 94, '2018-07-08 15:50:58', '2018-07-08 15:50:58'),
(468, 'https://lorempixel.com/250/250/?95582', 0, 94, '2018-07-08 15:50:58', '2018-07-08 15:50:58'),
(469, 'https://lorempixel.com/250/250/?99711', 0, 94, '2018-07-08 15:50:58', '2018-07-08 15:50:58'),
(470, 'https://lorempixel.com/250/250/?36523', 0, 94, '2018-07-08 15:50:58', '2018-07-08 15:50:58'),
(471, 'https://lorempixel.com/250/250/?71788', 0, 95, '2018-07-08 15:50:58', '2018-07-08 15:50:58'),
(472, 'https://lorempixel.com/250/250/?32223', 0, 95, '2018-07-08 15:50:58', '2018-07-08 15:50:58'),
(473, 'https://lorempixel.com/250/250/?86245', 0, 95, '2018-07-08 15:50:58', '2018-07-08 15:50:58'),
(474, 'https://lorempixel.com/250/250/?12560', 0, 95, '2018-07-08 15:50:58', '2018-07-08 15:50:58'),
(475, 'https://lorempixel.com/250/250/?27632', 0, 95, '2018-07-08 15:50:58', '2018-07-08 15:50:58'),
(476, 'https://lorempixel.com/250/250/?25547', 0, 96, '2018-07-08 15:50:58', '2018-07-08 15:50:58'),
(477, 'https://lorempixel.com/250/250/?12470', 0, 96, '2018-07-08 15:50:58', '2018-07-08 15:50:58'),
(478, 'https://lorempixel.com/250/250/?10516', 0, 96, '2018-07-08 15:50:58', '2018-07-08 15:50:58'),
(479, 'https://lorempixel.com/250/250/?52569', 0, 96, '2018-07-08 15:50:58', '2018-07-08 15:50:58'),
(480, 'https://lorempixel.com/250/250/?82406', 0, 96, '2018-07-08 15:50:58', '2018-07-08 15:50:58'),
(481, 'https://lorempixel.com/250/250/?83637', 0, 97, '2018-07-08 15:50:58', '2018-07-08 15:50:58'),
(482, 'https://lorempixel.com/250/250/?98631', 0, 97, '2018-07-08 15:50:58', '2018-07-08 15:50:58'),
(483, 'https://lorempixel.com/250/250/?11356', 0, 97, '2018-07-08 15:50:58', '2018-07-08 15:50:58'),
(484, 'https://lorempixel.com/250/250/?30865', 0, 97, '2018-07-08 15:50:58', '2018-07-08 15:50:58'),
(485, 'https://lorempixel.com/250/250/?87925', 0, 97, '2018-07-08 15:50:58', '2018-07-08 15:50:58'),
(486, 'https://lorempixel.com/250/250/?59652', 0, 98, '2018-07-08 15:50:58', '2018-07-08 15:50:58'),
(487, 'https://lorempixel.com/250/250/?34967', 0, 98, '2018-07-08 15:50:58', '2018-07-08 15:50:58'),
(488, 'https://lorempixel.com/250/250/?28962', 0, 98, '2018-07-08 15:50:58', '2018-07-08 15:50:58'),
(489, 'https://lorempixel.com/250/250/?43367', 0, 98, '2018-07-08 15:50:58', '2018-07-08 15:50:58'),
(490, 'https://lorempixel.com/250/250/?94221', 0, 98, '2018-07-08 15:50:58', '2018-07-08 15:50:58'),
(491, 'https://lorempixel.com/250/250/?87038', 0, 99, '2018-07-08 15:50:58', '2018-07-08 15:50:58'),
(492, 'https://lorempixel.com/250/250/?74168', 0, 99, '2018-07-08 15:50:58', '2018-07-08 15:50:58'),
(493, 'https://lorempixel.com/250/250/?33217', 0, 99, '2018-07-08 15:50:58', '2018-07-08 15:50:58'),
(494, 'https://lorempixel.com/250/250/?55425', 0, 99, '2018-07-08 15:50:58', '2018-07-08 15:50:58'),
(495, 'https://lorempixel.com/250/250/?27367', 0, 99, '2018-07-08 15:50:58', '2018-07-08 15:50:58'),
(496, 'https://lorempixel.com/250/250/?10830', 0, 100, '2018-07-08 15:50:58', '2018-07-08 15:50:58'),
(497, 'https://lorempixel.com/250/250/?84857', 0, 100, '2018-07-08 15:50:58', '2018-07-08 15:50:58'),
(498, 'https://lorempixel.com/250/250/?69214', 0, 100, '2018-07-08 15:50:58', '2018-07-08 15:50:58'),
(499, 'https://lorempixel.com/250/250/?93749', 0, 100, '2018-07-08 15:50:58', '2018-07-08 15:50:58'),
(500, 'https://lorempixel.com/250/250/?40044', 0, 100, '2018-07-08 15:50:58', '2018-07-08 15:50:58');

-- --------------------------------------------------------

--
-- Estructura de tabla para la tabla `users`
--

CREATE TABLE `users` (
  `id` int(10) UNSIGNED NOT NULL,
  `name` varchar(191) COLLATE utf8mb4_unicode_ci NOT NULL,
  `email` varchar(191) COLLATE utf8mb4_unicode_ci NOT NULL,
  `password` varchar(191) COLLATE utf8mb4_unicode_ci NOT NULL,
  `admin` tinyint(1) NOT NULL DEFAULT '0',
  `remember_token` varchar(100) COLLATE utf8mb4_unicode_ci DEFAULT NULL,
  `created_at` timestamp NULL DEFAULT NULL,
  `updated_at` timestamp NULL DEFAULT NULL
) ENGINE=InnoDB DEFAULT CHARSET=utf8mb4 COLLATE=utf8mb4_unicode_ci;

--
-- Volcado de datos para la tabla `users`
--

INSERT INTO `users` (`id`, `name`, `email`, `password`, `admin`, `remember_token`, `created_at`, `updated_at`) VALUES
(1, 'Juan', 'gdf000@hotmail.com', '$2y$10$bg8FBwyT5RYqBVXcm1khNuNo2o3wE5HtiPGMIDl3PIVogqE/3ODrS', 1, 'VxMECEnYCtDWjjCToStOYB9QrWTt26EOmkTCtiMtq0RGPdKXVCbHUL6RSERq', '2018-07-08 15:50:51', '2018-07-08 15:50:51'),
(2, 'pepe', 'pepe@pepe.com', '$2y$10$F6f/ZsYjUhDiVuCsqIJ/3u.aa.YPkfl1Ls2b9ikRsqbcjO.Qmgoe.', 0, NULL, '2018-07-09 13:10:08', '2018-07-09 13:10:08');

--
-- Índices para tablas volcadas
--

--
-- Indices de la tabla `carts`
--
ALTER TABLE `carts`
  ADD PRIMARY KEY (`id`),
  ADD KEY `carts_user_id_foreign` (`user_id`);

--
-- Indices de la tabla `cart_details`
--
ALTER TABLE `cart_details`
  ADD PRIMARY KEY (`id`),
  ADD KEY `cart_details_cart_id_foreign` (`cart_id`),
  ADD KEY `cart_details_product_id_foreign` (`product_id`);

--
-- Indices de la tabla `categories`
--
ALTER TABLE `categories`
  ADD PRIMARY KEY (`id`);

--
-- Indices de la tabla `migrations`
--
ALTER TABLE `migrations`
  ADD PRIMARY KEY (`id`);

--
-- Indices de la tabla `password_resets`
--
ALTER TABLE `password_resets`
  ADD KEY `password_resets_email_index` (`email`);

--
-- Indices de la tabla `products`
--
ALTER TABLE `products`
  ADD PRIMARY KEY (`id`),
  ADD KEY `products_category_id_foreign` (`category_id`);

--
-- Indices de la tabla `product_images`
--
ALTER TABLE `product_images`
  ADD PRIMARY KEY (`id`),
  ADD KEY `product_images_product_id_foreign` (`product_id`);

--
-- Indices de la tabla `users`
--
ALTER TABLE `users`
  ADD PRIMARY KEY (`id`),
  ADD UNIQUE KEY `users_email_unique` (`email`);

--
-- AUTO_INCREMENT de las tablas volcadas
--

--
-- AUTO_INCREMENT de la tabla `carts`
--
ALTER TABLE `carts`
  MODIFY `id` int(10) UNSIGNED NOT NULL AUTO_INCREMENT, AUTO_INCREMENT=5;

--
-- AUTO_INCREMENT de la tabla `cart_details`
--
ALTER TABLE `cart_details`
  MODIFY `id` int(10) UNSIGNED NOT NULL AUTO_INCREMENT, AUTO_INCREMENT=10;

--
-- AUTO_INCREMENT de la tabla `categories`
--
ALTER TABLE `categories`
  MODIFY `id` int(10) UNSIGNED NOT NULL AUTO_INCREMENT, AUTO_INCREMENT=6;

--
-- AUTO_INCREMENT de la tabla `migrations`
--
ALTER TABLE `migrations`
  MODIFY `id` int(10) UNSIGNED NOT NULL AUTO_INCREMENT, AUTO_INCREMENT=15;

--
-- AUTO_INCREMENT de la tabla `products`
--
ALTER TABLE `products`
  MODIFY `id` int(10) UNSIGNED NOT NULL AUTO_INCREMENT, AUTO_INCREMENT=101;

--
-- AUTO_INCREMENT de la tabla `product_images`
--
ALTER TABLE `product_images`
  MODIFY `id` int(10) UNSIGNED NOT NULL AUTO_INCREMENT, AUTO_INCREMENT=501;

--
-- AUTO_INCREMENT de la tabla `users`
--
ALTER TABLE `users`
  MODIFY `id` int(10) UNSIGNED NOT NULL AUTO_INCREMENT, AUTO_INCREMENT=3;

--
-- Restricciones para tablas volcadas
--

--
-- Filtros para la tabla `carts`
--
ALTER TABLE `carts`
  ADD CONSTRAINT `carts_user_id_foreign` FOREIGN KEY (`user_id`) REFERENCES `users` (`id`);

--
-- Filtros para la tabla `cart_details`
--
ALTER TABLE `cart_details`
  ADD CONSTRAINT `cart_details_cart_id_foreign` FOREIGN KEY (`cart_id`) REFERENCES `carts` (`id`),
  ADD CONSTRAINT `cart_details_product_id_foreign` FOREIGN KEY (`product_id`) REFERENCES `products` (`id`);

--
-- Filtros para la tabla `products`
--
ALTER TABLE `products`
  ADD CONSTRAINT `products_category_id_foreign` FOREIGN KEY (`category_id`) REFERENCES `categories` (`id`);

--
-- Filtros para la tabla `product_images`
--
ALTER TABLE `product_images`
  ADD CONSTRAINT `product_images_product_id_foreign` FOREIGN KEY (`product_id`) REFERENCES `products` (`id`);
COMMIT;

/*!40101 SET CHARACTER_SET_CLIENT=@OLD_CHARACTER_SET_CLIENT */;
/*!40101 SET CHARACTER_SET_RESULTS=@OLD_CHARACTER_SET_RESULTS */;
/*!40101 SET COLLATION_CONNECTION=@OLD_COLLATION_CONNECTION */;
